Channel,Hardware Channel,WindowStartIdx,WindowEndIdx,WindowStartSec,WindowEndSec,Mean,Std,Skewness,Day,SkinTone,Speed,Depth,Experiment
Unpolarized_A_Green,C5,0,250,0.0,10.0,-1.70530256582424e-16,8.969736638197562,0.0285077218912851,Day_2,Fair,Intermediate,3.75mm,Experiment_2
Unpolarized_A_Green,C5,25,275,1.0,11.0,8.5265128291212e-17,8.921380110547158,-0.0524228876204023,Day_2,Fair,Intermediate,3.75mm,Experiment_2
Unpolarized_A_Green,C5,50,300,2.0,12.0,1.8474111129762604e-16,8.934938982983056,0.01652175081454,Day_2,Fair,Intermediate,3.75mm,Experiment_2
Unpolarized_A_Green,C5,75,325,3.0,13.0,-1.4210854715202004e-16,8.994041555040846,-0.0861788473407652,Day_2,Fair,Intermediate,3.75mm,Experiment_2
Unpolarized_A_Green,C5,100,350,4.0,14.0,1.9895196601282808e-16,9.255820113872286,0.0846081887646982,Day_2,Fair,Intermediate,3.75mm,Experiment_2
Unpolarized_A_Green,C5,125,375,5.0,15.0,-5.684341886080802e-17,8.559774420964015,0.1363130251723387,Day_2,Fair,Intermediate,3.75mm,Experiment_2
Unpolarized_A_Green,C5,150,400,6.0,16.0,-5.6843418860808095e-16,8.293436090816913,0.0935436193603559,Day_2,Fair,Intermediate,3.75mm,Experiment_2
Unpolarized_A_Green,C5,175,425,7.0,17.0,3.836930773104541e-16,8.409666510310554,0.0891156637093735,Day_2,Fair,Intermediate,3.75mm,Experiment_2
Unpolarized_A_Green,C5,200,450,8.0,18.0,1.9895196601282808e-16,8.166533625150718,0.1934404639084269,Day_2,Fair,Intermediate,3.75mm,Experiment_2
Unpolarized_A_Green,C5,225,475,9.0,19.0,0.0,8.413605187287832,0.3783850355633315,Day_2,Fair,Intermediate,3.75mm,Experiment_2
Unpolarized_A_Green,C5,250,500,10.0,20.0,3.6948222259525213e-16,11.67057112078552,0.8734712448021579,Day_2,Fair,Intermediate,3.75mm,Experiment_2
Unpolarized_A_Green,C5,275,525,11.0,21.0,2.5934809855243655e-16,10.33601113272337,0.5617664479431752,Day_2,Fair,Intermediate,3.75mm,Experiment_2
Unpolarized_A_Green,C5,300,550,12.0,22.0,-5.115907697472721e-16,10.578965756994272,0.4258601963820398,Day_2,Fair,Intermediate,3.75mm,Experiment_2
Unpolarized_A_Green,C5,325,575,13.0,23.0,-2.842170943040401e-17,10.424903203323266,0.4185600973767189,Day_2,Fair,Intermediate,3.75mm,Experiment_2
Unpolarized_A_Green,C5,350,600,14.0,24.0,-1.70530256582424e-16,10.015625719957267,0.4758386139432425,Day_2,Fair,Intermediate,3.75mm,Experiment_2
Unpolarized_A_Green,C5,375,625,15.0,25.0,1.70530256582424e-16,10.868867475644372,0.3578762065361117,Day_2,Fair,Intermediate,3.75mm,Experiment_2
Unpolarized_A_Green,C5,400,650,16.0,26.0,3.1263880373444406e-16,11.252654784578416,0.4768046179487916,Day_2,Fair,Intermediate,3.75mm,Experiment_2
Unpolarized_A_Green,C5,425,675,17.0,27.0,7.105427357601002e-17,10.845111438268622,0.3784402078631503,Day_2,Fair,Intermediate,3.75mm,Experiment_2
Unpolarized_A_Green,C5,450,700,18.0,28.0,1.8189894035458565e-15,104.34851813474174,4.246829017853413,Day_2,Fair,Intermediate,3.75mm,Experiment_2
Unpolarized_A_Green,C5,475,725,19.0,29.0,-8.526512829121202e-16,90.54796871211416,-0.785509387149867,Day_2,Fair,Intermediate,3.75mm,Experiment_2
Unpolarized_A_Green,C5,500,750,20.0,30.0,2.2737367544323206e-16,89.35633388008797,-0.0996057401713045,Day_2,Fair,Intermediate,3.75mm,Experiment_2
Unpolarized_A_Green,C5,525,775,21.0,31.0,2.8421709430404013e-16,89.2549337796396,-0.1025730131091727,Day_2,Fair,Intermediate,3.75mm,Experiment_2
Unpolarized_A_Green,C5,550,800,22.0,32.0,-3.410605131648481e-16,89.26110535425848,-0.0978965332260854,Day_2,Fair,Intermediate,3.75mm,Experiment_2
Unpolarized_A_Green,C5,575,825,23.0,33.0,9.094947017729285e-16,89.23581099695267,-0.1014500106684503,Day_2,Fair,Intermediate,3.75mm,Experiment_2
Unpolarized_A_Green,C5,600,850,24.0,34.0,6.821210263296962e-16,89.28564444602185,-0.1098293550660914,Day_2,Fair,Intermediate,3.75mm,Experiment_2
Unpolarized_A_Green,C5,625,875,25.0,35.0,3.1263880373444406e-16,89.2221482119395,-0.1121906876951769,Day_2,Fair,Intermediate,3.75mm,Experiment_2
Unpolarized_A_Green,C5,650,900,26.0,36.0,7.958078640513122e-16,89.1914225114807,-0.1062275840894748,Day_2,Fair,Intermediate,3.75mm,Experiment_2
Unpolarized_A_Red,C2,0,250,0.0,10.0,-6.821210263296962e-16,13.015687149163972,0.1346515490018119,Day_2,Fair,Intermediate,3.75mm,Experiment_2
Unpolarized_A_Red,C2,25,275,1.0,11.0,5.684341886080802e-17,12.527124669427115,0.0754690579186194,Day_2,Fair,Intermediate,3.75mm,Experiment_2
Unpolarized_A_Red,C2,50,300,2.0,12.0,-1.70530256582424e-16,12.775822896738967,-0.1000608485370037,Day_2,Fair,Intermediate,3.75mm,Experiment_2
Unpolarized_A_Red,C2,75,325,3.0,13.0,5.684341886080802e-17,13.341010003521648,0.1307092804374594,Day_2,Fair,Intermediate,3.75mm,Experiment_2
Unpolarized_A_Red,C2,100,350,4.0,14.0,-1.4210854715202004e-17,12.163025226134696,0.2604732429860502,Day_2,Fair,Intermediate,3.75mm,Experiment_2
Unpolarized_A_Red,C2,125,375,5.0,15.0,1.1084466677857565e-15,12.191666996337648,0.1385287910272176,Day_2,Fair,Intermediate,3.75mm,Experiment_2
Unpolarized_A_Red,C2,150,400,6.0,16.0,-1.8474111129762604e-16,11.289192698334311,0.3179972148788867,Day_2,Fair,Intermediate,3.75mm,Experiment_2
Unpolarized_A_Red,C2,175,425,7.0,17.0,-2.131628207280301e-17,11.227453042256816,0.1732426656666164,Day_2,Fair,Intermediate,3.75mm,Experiment_2
Unpolarized_A_Red,C2,200,450,8.0,18.0,-1.4210854715202004e-17,10.895543349973003,0.1737261156549087,Day_2,Fair,Intermediate,3.75mm,Experiment_2
Unpolarized_A_Red,C2,225,475,9.0,19.0,0.0,11.09366029464556,0.2476685869480178,Day_2,Fair,Intermediate,3.75mm,Experiment_2
Unpolarized_A_Red,C2,250,500,10.0,20.0,3.05533376376843e-16,11.13550773509576,0.0229406644439254,Day_2,Fair,Intermediate,3.75mm,Experiment_2
Unpolarized_A_Red,C2,275,525,11.0,21.0,-8.5265128291212e-17,12.462514245224254,-0.1776568062909437,Day_2,Fair,Intermediate,3.75mm,Experiment_2
Unpolarized_A_Red,C2,300,550,12.0,22.0,4.689582056016661e-16,12.528819721578424,0.1801205451188724,Day_2,Fair,Intermediate,3.75mm,Experiment_2
Unpolarized_A_Red,C2,325,575,13.0,23.0,0.0,12.057846324122291,-0.3296066783181238,Day_2,Fair,Intermediate,3.75mm,Experiment_2
Unpolarized_A_Red,C2,350,600,14.0,24.0,-1.5631940186722203e-16,12.200560280300026,-0.4350741552155296,Day_2,Fair,Intermediate,3.75mm,Experiment_2
Unpolarized_A_Red,C2,375,625,15.0,25.0,-1.70530256582424e-16,12.027513578086069,-0.3945157012235025,Day_2,Fair,Intermediate,3.75mm,Experiment_2
Unpolarized_A_Red,C2,400,650,16.0,26.0,-5.684341886080802e-17,12.18628745828804,-0.5199230284907175,Day_2,Fair,Intermediate,3.75mm,Experiment_2
Unpolarized_A_Red,C2,425,675,17.0,27.0,2.842170943040401e-16,11.870492585216924,-0.4010029779288085,Day_2,Fair,Intermediate,3.75mm,Experiment_2
Unpolarized_A_Red,C2,450,700,18.0,28.0,8.5265128291212e-17,12.230926141321492,-0.4431053623754298,Day_2,Fair,Intermediate,3.75mm,Experiment_2
Unpolarized_A_Red,C2,475,725,19.0,29.0,5.684341886080802e-17,12.679607070526275,-0.391297903934811,Day_2,Fair,Intermediate,3.75mm,Experiment_2
Unpolarized_A_Red,C2,500,750,20.0,30.0,-1.1368683772161603e-16,11.955528277719296,-0.3924086464187303,Day_2,Fair,Intermediate,3.75mm,Experiment_2
Unpolarized_A_Red,C2,525,775,21.0,31.0,1.1368683772161603e-16,11.631245956038027,-0.2811644468212328,Day_2,Fair,Intermediate,3.75mm,Experiment_2
Unpolarized_A_Red,C2,550,800,22.0,32.0,-5.684341886080802e-17,11.15048467571336,-0.0514281710872692,Day_2,Fair,Intermediate,3.75mm,Experiment_2
Unpolarized_A_Red,C2,575,825,23.0,33.0,4.092726157978177e-15,76.28392793670173,-4.102866203357694,Day_2,Fair,Intermediate,3.75mm,Experiment_2
Unpolarized_A_Red,C2,600,850,24.0,34.0,3.1263880373444406e-16,94.66830722847808,2.032988996353196,Day_2,Fair,Intermediate,3.75mm,Experiment_2
Unpolarized_A_Red,C2,625,875,25.0,35.0,5.6843418860808095e-16,95.15539690498971,1.5177762280380485,Day_2,Fair,Intermediate,3.75mm,Experiment_2
Unpolarized_A_Red,C2,650,900,26.0,36.0,7.389644451905048e-16,95.15781246758462,1.498145377247808,Day_2,Fair,Intermediate,3.75mm,Experiment_2
Unpolarized_A_IR,C4,0,250,0.0,10.0,-7.958078640513122e-16,24.658236425865827,0.6885918883890383,Day_2,Fair,Intermediate,3.75mm,Experiment_2
Unpolarized_A_IR,C4,25,275,1.0,11.0,6.252776074688881e-16,22.17489811815517,0.6949232514443617,Day_2,Fair,Intermediate,3.75mm,Experiment_2
Unpolarized_A_IR,C4,50,300,2.0,12.0,-2.2737367544323206e-16,20.932396761542197,0.77663077316328,Day_2,Fair,Intermediate,3.75mm,Experiment_2
Unpolarized_A_IR,C4,75,325,3.0,13.0,-2.842170943040401e-17,19.01911954273473,0.6179782598432738,Day_2,Fair,Intermediate,3.75mm,Experiment_2
Unpolarized_A_IR,C4,100,350,4.0,14.0,-6.252776074688881e-16,18.628882550479936,0.624856094122667,Day_2,Fair,Intermediate,3.75mm,Experiment_2
Unpolarized_A_IR,C4,125,375,5.0,15.0,-3.6948222259525213e-16,19.15743690460665,0.5335371382078028,Day_2,Fair,Intermediate,3.75mm,Experiment_2
Unpolarized_A_IR,C4,150,400,6.0,16.0,-3.1263880373444406e-16,18.6241070785211,0.6220401719080553,Day_2,Fair,Intermediate,3.75mm,Experiment_2
Unpolarized_A_IR,C4,175,425,7.0,17.0,2.8421709430404013e-16,18.458565924928056,0.5508256636044695,Day_2,Fair,Intermediate,3.75mm,Experiment_2
Unpolarized_A_IR,C4,200,450,8.0,18.0,-2.2737367544323206e-16,18.187035796678646,0.5997367074891797,Day_2,Fair,Intermediate,3.75mm,Experiment_2
Unpolarized_A_IR,C4,225,475,9.0,19.0,-1.1368683772161603e-16,18.044716996227812,0.6185962741773142,Day_2,Fair,Intermediate,3.75mm,Experiment_2
Unpolarized_A_IR,C4,250,500,10.0,20.0,1.4210854715202004e-16,18.02397691876859,0.625733429622908,Day_2,Fair,Intermediate,3.75mm,Experiment_2
Unpolarized_A_IR,C4,275,525,11.0,21.0,-2.7000623958883806e-16,17.587680683840055,0.582227062817252,Day_2,Fair,Intermediate,3.75mm,Experiment_2
Unpolarized_A_IR,C4,300,550,12.0,22.0,-1.5631940186722203e-16,17.029410080309518,0.6520387468072628,Day_2,Fair,Intermediate,3.75mm,Experiment_2
Unpolarized_A_IR,C4,325,575,13.0,23.0,1.1368683772161603e-16,17.286510995394707,0.7319203489997568,Day_2,Fair,Intermediate,3.75mm,Experiment_2
Unpolarized_A_IR,C4,350,600,14.0,24.0,-7.3896444519050485e-16,17.255827797849904,0.6037867322010204,Day_2,Fair,Intermediate,3.75mm,Experiment_2
Unpolarized_A_IR,C4,375,625,15.0,25.0,-7.105427357601002e-16,17.076130717460885,0.5037472408850866,Day_2,Fair,Intermediate,3.75mm,Experiment_2
Unpolarized_A_IR,C4,400,650,16.0,26.0,-5.684341886080802e-17,16.310341973071395,0.5273621302338599,Day_2,Fair,Intermediate,3.75mm,Experiment_2
Unpolarized_A_IR,C4,425,675,17.0,27.0,-5.115907697472721e-16,17.119380459382725,0.4309143752400806,Day_2,Fair,Intermediate,3.75mm,Experiment_2
Unpolarized_A_IR,C4,450,700,18.0,28.0,0.0,15.78306986433181,0.5661386716531596,Day_2,Fair,Intermediate,3.75mm,Experiment_2
Unpolarized_A_IR,C4,475,725,19.0,29.0,-5.684341886080802e-17,15.504437615872916,0.3325282063865092,Day_2,Fair,Intermediate,3.75mm,Experiment_2
Unpolarized_A_IR,C4,500,750,20.0,30.0,-2.0463630789890884e-15,64.60884356457078,-5.676420148562007,Day_2,Fair,Intermediate,3.75mm,Experiment_2
Unpolarized_A_IR,C4,525,775,21.0,31.0,8.526512829121202e-16,65.36058534538664,-3.3221045933890836,Day_2,Fair,Intermediate,3.75mm,Experiment_2
Unpolarized_A_IR,C4,550,800,22.0,32.0,4.263256414560601e-16,66.05710254840102,-3.6007237069769595,Day_2,Fair,Intermediate,3.75mm,Experiment_2
Unpolarized_A_IR,C4,575,825,23.0,33.0,-1.1368683772161605e-15,66.23675560697853,-3.5544666598886803,Day_2,Fair,Intermediate,3.75mm,Experiment_2
Unpolarized_A_IR,C4,600,850,24.0,34.0,3.410605131648481e-16,66.05619222401657,-3.603664370168467,Day_2,Fair,Intermediate,3.75mm,Experiment_2
Unpolarized_A_IR,C4,625,875,25.0,35.0,6.252776074688881e-16,66.02333688799601,-3.6329605929151234,Day_2,Fair,Intermediate,3.75mm,Experiment_2
Unpolarized_A_IR,C4,650,900,26.0,36.0,-4.547473508864641e-16,65.976128568216,-3.6399583960184514,Day_2,Fair,Intermediate,3.75mm,Experiment_2
Unpolarized_B_Green,C11,0,250,0.0,10.0,0.0,8.084259949595324,0.0180001230471282,Day_2,Fair,Intermediate,3.75mm,Experiment_2
Unpolarized_B_Green,C11,25,275,1.0,11.0,-2.842170943040401e-17,8.135746152767547,0.037258447891723,Day_2,Fair,Intermediate,3.75mm,Experiment_2
Unpolarized_B_Green,C11,50,300,2.0,12.0,2.4158453015843413e-16,8.480971412016302,0.0439505344246279,Day_2,Fair,Intermediate,3.75mm,Experiment_2
Unpolarized_B_Green,C11,75,325,3.0,13.0,-1.9895196601282808e-16,8.429157176629246,0.0674572296275504,Day_2,Fair,Intermediate,3.75mm,Experiment_2
Unpolarized_B_Green,C11,100,350,4.0,14.0,3.05533376376843e-16,8.717460765365324,0.1578214228591565,Day_2,Fair,Intermediate,3.75mm,Experiment_2
Unpolarized_B_Green,C11,125,375,5.0,15.0,-1.5631940186722203e-16,8.106378931196064,0.1234854769043011,Day_2,Fair,Intermediate,3.75mm,Experiment_2
Unpolarized_B_Green,C11,150,400,6.0,16.0,-1.70530256582424e-16,7.7595233729582045,0.1384392567860773,Day_2,Fair,Intermediate,3.75mm,Experiment_2
Unpolarized_B_Green,C11,175,425,7.0,17.0,2.2737367544323206e-16,7.978413487504687,0.0184078542411046,Day_2,Fair,Intermediate,3.75mm,Experiment_2
Unpolarized_B_Green,C11,200,450,8.0,18.0,4.263256414560601e-17,7.850201282835712,0.1860729416433179,Day_2,Fair,Intermediate,3.75mm,Experiment_2
Unpolarized_B_Green,C11,225,475,9.0,19.0,-7.105427357601002e-18,8.63917201336943,-0.0377746308212289,Day_2,Fair,Intermediate,3.75mm,Experiment_2
Unpolarized_B_Green,C11,250,500,10.0,20.0,5.400124791776761e-16,11.632749194623138,0.7102925667618302,Day_2,Fair,Intermediate,3.75mm,Experiment_2
Unpolarized_B_Green,C11,275,525,11.0,21.0,1.4210854715202004e-16,10.12550740204158,0.3366999786825827,Day_2,Fair,Intermediate,3.75mm,Experiment_2
Unpolarized_B_Green,C11,300,550,12.0,22.0,1.1368683772161603e-16,10.281144607981918,0.2596255426053694,Day_2,Fair,Intermediate,3.75mm,Experiment_2
Unpolarized_B_Green,C11,325,575,13.0,23.0,-1.70530256582424e-16,10.10062392720326,0.3716633043370876,Day_2,Fair,Intermediate,3.75mm,Experiment_2
Unpolarized_B_Green,C11,350,600,14.0,24.0,-5.684341886080802e-17,10.089158641534691,0.3565942877740829,Day_2,Fair,Intermediate,3.75mm,Experiment_2
Unpolarized_B_Green,C11,375,625,15.0,25.0,-4.8316906031686895e-16,10.598821873434416,0.2710962162242007,Day_2,Fair,Intermediate,3.75mm,Experiment_2
Unpolarized_B_Green,C11,400,650,16.0,26.0,5.684341886080802e-17,10.704755148046612,0.3490898518388776,Day_2,Fair,Intermediate,3.75mm,Experiment_2
Unpolarized_B_Green,C11,425,675,17.0,27.0,2.3447910280083307e-16,10.1472362213455,0.2639830647077559,Day_2,Fair,Intermediate,3.75mm,Experiment_2
Unpolarized_B_Green,C11,450,700,18.0,28.0,-6.394884621840901e-17,10.671145152338916,0.2138253138658917,Day_2,Fair,Intermediate,3.75mm,Experiment_2
Unpolarized_B_Green,C11,475,725,19.0,29.0,4.547473508864641e-16,10.152134366747038,0.2087765687016856,Day_2,Fair,Intermediate,3.75mm,Experiment_2
Unpolarized_B_Green,C11,500,750,20.0,30.0,-1.70530256582424e-16,9.32514487707161,0.1603337320818776,Day_2,Fair,Intermediate,3.75mm,Experiment_2
Unpolarized_B_Green,C11,525,775,21.0,31.0,-2.3447910280083307e-16,8.451592480472682,0.1649629496206721,Day_2,Fair,Intermediate,3.75mm,Experiment_2
Unpolarized_B_Green,C11,550,800,22.0,32.0,2.5579538487363605e-16,8.46419558536449,0.1486050768687742,Day_2,Fair,Intermediate,3.75mm,Experiment_2
Unpolarized_B_Green,C11,575,825,23.0,33.0,-1.4210854715202004e-16,8.192601587368326,0.1232677940619406,Day_2,Fair,Intermediate,3.75mm,Experiment_2
Unpolarized_B_Green,C11,600,850,24.0,34.0,-1.5631940186722203e-16,8.431309932259365,0.0470091503670063,Day_2,Fair,Intermediate,3.75mm,Experiment_2
Unpolarized_B_Green,C11,625,875,25.0,35.0,-1.4210854715202004e-16,8.234164535440362,0.0172687299498462,Day_2,Fair,Intermediate,3.75mm,Experiment_2
Unpolarized_B_Green,C11,650,900,26.0,36.0,-3.1263880373444406e-16,8.150640535194588,0.0443259314557113,Day_2,Fair,Intermediate,3.75mm,Experiment_2
Unpolarized_B_Red,C8,0,250,0.0,10.0,5.684341886080802e-17,11.481009938332516,0.0544952049918965,Day_2,Fair,Intermediate,3.75mm,Experiment_2
Unpolarized_B_Red,C8,25,275,1.0,11.0,3.410605131648481e-16,11.83304521251007,0.0414125747771466,Day_2,Fair,Intermediate,3.75mm,Experiment_2
Unpolarized_B_Red,C8,50,300,2.0,12.0,-1.9895196601282808e-16,12.359986749436375,-0.1175638665149655,Day_2,Fair,Intermediate,3.75mm,Experiment_2
Unpolarized_B_Red,C8,75,325,3.0,13.0,-9.947598300641404e-17,12.63744705608132,-0.0056610791189663,Day_2,Fair,Intermediate,3.75mm,Experiment_2
Unpolarized_B_Red,C8,100,350,4.0,14.0,0.0,12.006719435783577,-0.0264203128141576,Day_2,Fair,Intermediate,3.75mm,Experiment_2
Unpolarized_B_Red,C8,125,375,5.0,15.0,2.8421709430404013e-16,11.851143419108183,-0.099616222160166,Day_2,Fair,Intermediate,3.75mm,Experiment_2
Unpolarized_B_Red,C8,150,400,6.0,16.0,8.5265128291212e-17,11.214726243938468,-0.0672633242020121,Day_2,Fair,Intermediate,3.75mm,Experiment_2
Unpolarized_B_Red,C8,175,425,7.0,17.0,1.1368683772161603e-16,11.09854826346718,-0.0356099469245645,Day_2,Fair,Intermediate,3.75mm,Experiment_2
Unpolarized_B_Red,C8,200,450,8.0,18.0,-3.552713678800501e-17,10.901583529551374,-0.0956553412277159,Day_2,Fair,Intermediate,3.75mm,Experiment_2
Unpolarized_B_Red,C8,225,475,9.0,19.0,5.684341886080802e-17,10.617075787271812,-0.0343739327692654,Day_2,Fair,Intermediate,3.75mm,Experiment_2
Unpolarized_B_Red,C8,250,500,10.0,20.0,-3.2684965844964613e-16,10.637660481587275,-0.1311392350322988,Day_2,Fair,Intermediate,3.75mm,Experiment_2
Unpolarized_B_Red,C8,275,525,11.0,21.0,1.1368683772161603e-16,11.55952740457753,-0.3464389849959957,Day_2,Fair,Intermediate,3.75mm,Experiment_2
Unpolarized_B_Red,C8,300,550,12.0,22.0,1.4210854715202004e-16,11.791525923387557,0.1305493353782544,Day_2,Fair,Intermediate,3.75mm,Experiment_2
Unpolarized_B_Red,C8,325,575,13.0,23.0,-1.70530256582424e-16,11.733188447101226,-0.2795414552271931,Day_2,Fair,Intermediate,3.75mm,Experiment_2
Unpolarized_B_Red,C8,350,600,14.0,24.0,-1.1368683772161603e-16,11.933415580021489,-0.109514887449853,Day_2,Fair,Intermediate,3.75mm,Experiment_2
Unpolarized_B_Red,C8,375,625,15.0,25.0,1.1368683772161603e-16,11.590644411011391,-0.1299253166347544,Day_2,Fair,Intermediate,3.75mm,Experiment_2
Unpolarized_B_Red,C8,400,650,16.0,26.0,5.684341886080802e-17,11.71467285209532,-0.2649858254814282,Day_2,Fair,Intermediate,3.75mm,Experiment_2
Unpolarized_B_Red,C8,425,675,17.0,27.0,-3.979039320256561e-16,12.0014601794316,-0.2545449876583665,Day_2,Fair,Intermediate,3.75mm,Experiment_2
Unpolarized_B_Red,C8,450,700,18.0,28.0,2.0605739337042904e-16,12.29616441188361,-0.2391317737554438,Day_2,Fair,Intermediate,3.75mm,Experiment_2
Unpolarized_B_Red,C8,475,725,19.0,29.0,-1.1368683772161603e-16,12.784424247948309,-0.3283823062912217,Day_2,Fair,Intermediate,3.75mm,Experiment_2
Unpolarized_B_Red,C8,500,750,20.0,30.0,-4.2632564145606006e-17,12.389998942046532,-0.2786140392716351,Day_2,Fair,Intermediate,3.75mm,Experiment_2
Unpolarized_B_Red,C8,525,775,21.0,31.0,-2.8421709430404013e-16,12.280387176783092,-0.2217297442931841,Day_2,Fair,Intermediate,3.75mm,Experiment_2
Unpolarized_B_Red,C8,550,800,22.0,32.0,-1.4210854715202004e-16,11.088488752644295,-0.1604907693626821,Day_2,Fair,Intermediate,3.75mm,Experiment_2
Unpolarized_B_Red,C8,575,825,23.0,33.0,-1.4210854715202004e-16,11.11877434636511,-0.3626442035258587,Day_2,Fair,Intermediate,3.75mm,Experiment_2
Unpolarized_B_Red,C8,600,850,24.0,34.0,1.5631940186722203e-16,10.383260415999668,-0.3667223882119466,Day_2,Fair,Intermediate,3.75mm,Experiment_2
Unpolarized_B_Red,C8,625,875,25.0,35.0,-3.6948222259525213e-16,11.518999375481773,-0.3662925655320387,Day_2,Fair,Intermediate,3.75mm,Experiment_2
Unpolarized_B_Red,C8,650,900,26.0,36.0,-3.410605131648481e-16,12.345517479940128,-0.7887351695037478,Day_2,Fair,Intermediate,3.75mm,Experiment_2
Unpolarized_B_IR,C10,0,250,0.0,10.0,-7.389644451905048e-16,34.518134686209706,-0.757969133791822,Day_2,Fair,Intermediate,3.75mm,Experiment_2
Unpolarized_B_IR,C10,25,275,1.0,11.0,5.115907697472721e-16,34.6511150862015,-0.7131844288518235,Day_2,Fair,Intermediate,3.75mm,Experiment_2
Unpolarized_B_IR,C10,50,300,2.0,12.0,4.547473508864641e-16,35.096814727871866,-0.7038157051726508,Day_2,Fair,Intermediate,3.75mm,Experiment_2
Unpolarized_B_IR,C10,75,325,3.0,13.0,-2.2737367544323206e-16,34.33141521975779,-0.7882106989765635,Day_2,Fair,Intermediate,3.75mm,Experiment_2
Unpolarized_B_IR,C10,100,350,4.0,14.0,1.5916157281026244e-15,34.65462205780063,-0.7842552013672934,Day_2,Fair,Intermediate,3.75mm,Experiment_2
Unpolarized_B_IR,C10,125,375,5.0,15.0,-1.4779288903810085e-15,34.35116621030534,-0.717537324543062,Day_2,Fair,Intermediate,3.75mm,Experiment_2
Unpolarized_B_IR,C10,150,400,6.0,16.0,9.663381206337365e-16,35.088236299671784,-0.6922082121816971,Day_2,Fair,Intermediate,3.75mm,Experiment_2
Unpolarized_B_IR,C10,175,425,7.0,17.0,3.410605131648481e-16,34.45334402565623,-0.7428484134241485,Day_2,Fair,Intermediate,3.75mm,Experiment_2
Unpolarized_B_IR,C10,200,450,8.0,18.0,-1.4779288903810085e-15,34.29780967900351,-0.5903951581733761,Day_2,Fair,Intermediate,3.75mm,Experiment_2
Unpolarized_B_IR,C10,225,475,9.0,19.0,2.2737367544323206e-16,33.48343754740601,-0.703552256603695,Day_2,Fair,Intermediate,3.75mm,Experiment_2
Unpolarized_B_IR,C10,250,500,10.0,20.0,1.5916157281026244e-15,34.481405709204054,-0.652449629710949,Day_2,Fair,Intermediate,3.75mm,Experiment_2
Unpolarized_B_IR,C10,275,525,11.0,21.0,5.684341886080802e-17,33.285651810354445,-0.7106673072494424,Day_2,Fair,Intermediate,3.75mm,Experiment_2
Unpolarized_B_IR,C10,300,550,12.0,22.0,-6.821210263296962e-16,34.06614900299156,-0.704088682865806,Day_2,Fair,Intermediate,3.75mm,Experiment_2
Unpolarized_B_IR,C10,325,575,13.0,23.0,7.958078640513122e-16,32.89376440067833,-0.6952429623382566,Day_2,Fair,Intermediate,3.75mm,Experiment_2
Unpolarized_B_IR,C10,350,600,14.0,24.0,-8.526512829121202e-16,33.661387921485506,-0.6810723181855937,Day_2,Fair,Intermediate,3.75mm,Experiment_2
Unpolarized_B_IR,C10,375,625,15.0,25.0,5.684341886080802e-17,32.39047650222161,-0.7139340250836721,Day_2,Fair,Intermediate,3.75mm,Experiment_2
Unpolarized_B_IR,C10,400,650,16.0,26.0,5.684341886080802e-17,33.21464708521317,-0.6209375011812073,Day_2,Fair,Intermediate,3.75mm,Experiment_2
Unpolarized_B_IR,C10,425,675,17.0,27.0,1.0231815394945442e-15,32.43082791704383,-0.6356531680223144,Day_2,Fair,Intermediate,3.75mm,Experiment_2
Unpolarized_B_IR,C10,450,700,18.0,28.0,-2.2737367544323206e-16,33.855512813968666,-0.5836966067424062,Day_2,Fair,Intermediate,3.75mm,Experiment_2
Unpolarized_B_IR,C10,475,725,19.0,29.0,0.0,32.67106387281087,-0.7429667419667073,Day_2,Fair,Intermediate,3.75mm,Experiment_2
Unpolarized_B_IR,C10,500,750,20.0,30.0,1.4495071809506045e-15,33.05510177574848,-0.7462170638010699,Day_2,Fair,Intermediate,3.75mm,Experiment_2
Unpolarized_B_IR,C10,525,775,21.0,31.0,2.842170943040401e-16,33.05671251931684,-0.6857822773374281,Day_2,Fair,Intermediate,3.75mm,Experiment_2
Unpolarized_B_IR,C10,550,800,22.0,32.0,-3.979039320256561e-16,33.6045945488945,-0.6763639295454561,Day_2,Fair,Intermediate,3.75mm,Experiment_2
Unpolarized_B_IR,C10,575,825,23.0,33.0,1.1368683772161603e-16,33.25050869522425,-0.7109899800062689,Day_2,Fair,Intermediate,3.75mm,Experiment_2
Unpolarized_B_IR,C10,600,850,24.0,34.0,-6.821210263296962e-16,33.94276033972646,-0.736388329663911,Day_2,Fair,Intermediate,3.75mm,Experiment_2
Unpolarized_B_IR,C10,625,875,25.0,35.0,3.410605131648481e-16,33.94814969957999,-0.6900112712990977,Day_2,Fair,Intermediate,3.75mm,Experiment_2
Unpolarized_B_IR,C10,650,900,26.0,36.0,6.821210263296962e-16,35.276466749028955,-0.5803188782800803,Day_2,Fair,Intermediate,3.75mm,Experiment_2
Co-Polarized_Green,C13,0,250,0.0,10.0,-1.8189894035458565e-15,19.11535235080417,-0.279394180127538,Day_2,Fair,Intermediate,3.75mm,Experiment_2
Co-Polarized_Green,C13,25,275,1.0,11.0,-5.684341886080807e-16,18.536480157888416,-0.1897306792634752,Day_2,Fair,Intermediate,3.75mm,Experiment_2
Co-Polarized_Green,C13,50,300,2.0,12.0,0.0,18.360012245025384,-0.2040026193202436,Day_2,Fair,Intermediate,3.75mm,Experiment_2
Co-Polarized_Green,C13,75,325,3.0,13.0,-2.8421709430404013e-16,18.347022698581473,-0.2661942168767831,Day_2,Fair,Intermediate,3.75mm,Experiment_2
Co-Polarized_Green,C13,100,350,4.0,14.0,-1.1368683772161603e-16,17.61420618009747,-0.1317473978233951,Day_2,Fair,Intermediate,3.75mm,Experiment_2
Co-Polarized_Green,C13,125,375,5.0,15.0,2.2737367544323206e-16,17.944320534111657,-0.3848438139709582,Day_2,Fair,Intermediate,3.75mm,Experiment_2
Co-Polarized_Green,C13,150,400,6.0,16.0,4.547473508864641e-16,19.07280633949988,-0.2727752598390342,Day_2,Fair,Intermediate,3.75mm,Experiment_2
Co-Polarized_Green,C13,175,425,7.0,17.0,-1.70530256582424e-16,19.362959760913434,-0.3619830207841763,Day_2,Fair,Intermediate,3.75mm,Experiment_2
Co-Polarized_Green,C13,200,450,8.0,18.0,-5.115907697472721e-16,20.71585277970644,-0.3392937410401466,Day_2,Fair,Intermediate,3.75mm,Experiment_2
Co-Polarized_Green,C13,225,475,9.0,19.0,-5.115907697472721e-16,20.529130519409605,-0.2751556988376006,Day_2,Fair,Intermediate,3.75mm,Experiment_2
Co-Polarized_Green,C13,250,500,10.0,20.0,2.2737367544323206e-16,21.70633828720732,-0.1178864101619284,Day_2,Fair,Intermediate,3.75mm,Experiment_2
Co-Polarized_Green,C13,275,525,11.0,21.0,-3.1263880373444406e-16,23.017169702232223,-0.2796892054837798,Day_2,Fair,Intermediate,3.75mm,Experiment_2
Co-Polarized_Green,C13,300,550,12.0,22.0,7.958078640513122e-16,22.889782798642948,-0.2367369688101981,Day_2,Fair,Intermediate,3.75mm,Experiment_2
Co-Polarized_Green,C13,325,575,13.0,23.0,-1.1368683772161603e-16,23.817852035630636,-0.1533665277326714,Day_2,Fair,Intermediate,3.75mm,Experiment_2
Co-Polarized_Green,C13,350,600,14.0,24.0,-1.70530256582424e-16,24.612415661276792,-0.0809536501372775,Day_2,Fair,Intermediate,3.75mm,Experiment_2
Co-Polarized_Green,C13,375,625,15.0,25.0,-6.821210263296962e-16,24.295763735942625,-0.031024223272757,Day_2,Fair,Intermediate,3.75mm,Experiment_2
Co-Polarized_Green,C13,400,650,16.0,26.0,-1.7053025658242404e-15,23.985647137160523,-0.0866465608761633,Day_2,Fair,Intermediate,3.75mm,Experiment_2
Co-Polarized_Green,C13,425,675,17.0,27.0,-1.9895196601282808e-16,22.0793008626566,0.0577289462641867,Day_2,Fair,Intermediate,3.75mm,Experiment_2
Co-Polarized_Green,C13,450,700,18.0,28.0,-1.1368683772161603e-16,21.674054167122375,-0.0199568648271937,Day_2,Fair,Intermediate,3.75mm,Experiment_2
Co-Polarized_Green,C13,475,725,19.0,29.0,2.842170943040401e-17,21.784330887239957,0.048842904010973,Day_2,Fair,Intermediate,3.75mm,Experiment_2
Co-Polarized_Green,C13,500,750,20.0,30.0,-2.2737367544323206e-16,22.283564468271635,0.0383774643128518,Day_2,Fair,Intermediate,3.75mm,Experiment_2
Co-Polarized_Green,C13,525,775,21.0,31.0,0.0,21.23926599251269,0.2662735562203685,Day_2,Fair,Intermediate,3.75mm,Experiment_2
Co-Polarized_Green,C13,550,800,22.0,32.0,1.3216094885137865e-15,23.0889611181414,0.4643427853554532,Day_2,Fair,Intermediate,3.75mm,Experiment_2
Co-Polarized_Green,C13,575,825,23.0,33.0,1.9895196601282808e-16,21.824617173866535,0.1233910529245374,Day_2,Fair,Intermediate,3.75mm,Experiment_2
Co-Polarized_Green,C13,600,850,24.0,34.0,3.410605131648481e-16,21.355431833829975,-0.0306230912924128,Day_2,Fair,Intermediate,3.75mm,Experiment_2
Co-Polarized_Green,C13,625,875,25.0,35.0,3.865352482534945e-15,103.86696131337791,6.420721215030466,Day_2,Fair,Intermediate,3.75mm,Experiment_2
Co-Polarized_Green,C13,650,900,26.0,36.0,-1.3642420526593924e-15,200.0021100042188,-0.8464019978819973,Day_2,Fair,Intermediate,3.75mm,Experiment_2
Co-Polarized_Red,C12,0,250,0.0,10.0,4.547473508864641e-16,36.14951620855488,-1.4125258556374811,Day_2,Fair,Intermediate,3.75mm,Experiment_2
Co-Polarized_Red,C12,25,275,1.0,11.0,-4.547473508864641e-16,26.717166189060503,-0.1606099007426145,Day_2,Fair,Intermediate,3.75mm,Experiment_2
Co-Polarized_Red,C12,50,300,2.0,12.0,1.0231815394945442e-15,26.311227442353943,-0.1986368237484367,Day_2,Fair,Intermediate,3.75mm,Experiment_2
Co-Polarized_Red,C12,75,325,3.0,13.0,0.0,26.479424603493666,-0.1540260798911785,Day_2,Fair,Intermediate,3.75mm,Experiment_2
Co-Polarized_Red,C12,100,350,4.0,14.0,2.2737367544323206e-16,25.043599794680365,-0.162384897137592,Day_2,Fair,Intermediate,3.75mm,Experiment_2
Co-Polarized_Red,C12,125,375,5.0,15.0,8.5265128291212e-17,25.82386488394623,-0.0876006233612786,Day_2,Fair,Intermediate,3.75mm,Experiment_2
Co-Polarized_Red,C12,150,400,6.0,16.0,-1.2505552149377765e-15,23.50479322688016,0.0447399095094297,Day_2,Fair,Intermediate,3.75mm,Experiment_2
Co-Polarized_Red,C12,175,425,7.0,17.0,-2.2737367544323206e-16,23.330996280308625,0.1309669552056539,Day_2,Fair,Intermediate,3.75mm,Experiment_2
Co-Polarized_Red,C12,200,450,8.0,18.0,-3.410605131648481e-16,23.71052521937629,-0.1649149532588288,Day_2,Fair,Intermediate,3.75mm,Experiment_2
Co-Polarized_Red,C12,225,475,9.0,19.0,5.115907697472721e-16,22.440741155977975,-0.1019279987990615,Day_2,Fair,Intermediate,3.75mm,Experiment_2
Co-Polarized_Red,C12,250,500,10.0,20.0,-1.70530256582424e-16,25.168856718047483,-0.0910753782001489,Day_2,Fair,Intermediate,3.75mm,Experiment_2
Co-Polarized_Red,C12,275,525,11.0,21.0,7.105427357601002e-17,24.88984076429005,-0.1122939986090726,Day_2,Fair,Intermediate,3.75mm,Experiment_2
Co-Polarized_Red,C12,300,550,12.0,22.0,-1.4210854715202004e-16,24.265478923394554,-0.0794536511156668,Day_2,Fair,Intermediate,3.75mm,Experiment_2
Co-Polarized_Red,C12,325,575,13.0,23.0,1.1368683772161603e-16,24.4151753484562,-0.0553294315754129,Day_2,Fair,Intermediate,3.75mm,Experiment_2
Co-Polarized_Red,C12,350,600,14.0,24.0,2.842170943040401e-16,25.110849193461306,-0.1559719754034727,Day_2,Fair,Intermediate,3.75mm,Experiment_2
Co-Polarized_Red,C12,375,625,15.0,25.0,3.410605131648481e-16,25.706497971058074,-0.0890923591209876,Day_2,Fair,Intermediate,3.75mm,Experiment_2
Co-Polarized_Red,C12,400,650,16.0,26.0,-5.684341886080802e-17,26.523823026975155,-0.1416095693728609,Day_2,Fair,Intermediate,3.75mm,Experiment_2
Co-Polarized_Red,C12,425,675,17.0,27.0,-3.410605131648481e-16,26.505422360757933,-0.0932370909382443,Day_2,Fair,Intermediate,3.75mm,Experiment_2
Co-Polarized_Red,C12,450,700,18.0,28.0,-9.094947017729285e-16,25.104505659762182,-0.2025524185575263,Day_2,Fair,Intermediate,3.75mm,Experiment_2
Co-Polarized_Red,C12,475,725,19.0,29.0,1.4210854715202004e-16,25.53866956231543,-0.2550539702508722,Day_2,Fair,Intermediate,3.75mm,Experiment_2
Co-Polarized_Red,C12,500,750,20.0,30.0,-2.2737367544323206e-16,22.480597006396064,-0.1795546898777619,Day_2,Fair,Intermediate,3.75mm,Experiment_2
Co-Polarized_Red,C12,525,775,21.0,31.0,2.842170943040401e-16,22.252592629429305,0.0686842018047887,Day_2,Fair,Intermediate,3.75mm,Experiment_2
Co-Polarized_Red,C12,550,800,22.0,32.0,4.547473508864641e-16,21.77627789694521,0.0989419862752721,Day_2,Fair,Intermediate,3.75mm,Experiment_2
Co-Polarized_Red,C12,575,825,23.0,33.0,3.6948222259525213e-16,22.39561801588785,0.0232723960894117,Day_2,Fair,Intermediate,3.75mm,Experiment_2
Co-Polarized_Red,C12,600,850,24.0,34.0,-4.263256414560601e-17,23.67632693301055,0.20718085119829,Day_2,Fair,Intermediate,3.75mm,Experiment_2
Co-Polarized_Red,C12,625,875,25.0,35.0,3.410605131648481e-16,24.15250689473966,0.206552371719566,Day_2,Fair,Intermediate,3.75mm,Experiment_2
Co-Polarized_Red,C12,650,900,26.0,36.0,5.684341886080802e-17,23.56991173881791,0.1577287970537914,Day_2,Fair,Intermediate,3.75mm,Experiment_2
Co-Polarized_IR,C15,0,250,0.0,10.0,-1.8332002582610585e-15,72.79018263017616,-0.3212479962379809,Day_2,Fair,Intermediate,3.75mm,Experiment_2
Co-Polarized_IR,C15,25,275,1.0,11.0,2.955857780762017e-15,44.58900854166679,0.4256375239138772,Day_2,Fair,Intermediate,3.75mm,Experiment_2
Co-Polarized_IR,C15,50,300,2.0,12.0,3.410605131648481e-16,40.72285252775902,0.3091619038309122,Day_2,Fair,Intermediate,3.75mm,Experiment_2
Co-Polarized_IR,C15,75,325,3.0,13.0,-3.1263880373444406e-16,34.979246189995585,0.0418691662219292,Day_2,Fair,Intermediate,3.75mm,Experiment_2
Co-Polarized_IR,C15,100,350,4.0,14.0,-3.1263880373444406e-16,32.8955585912224,-0.0850040288908173,Day_2,Fair,Intermediate,3.75mm,Experiment_2
Co-Polarized_IR,C15,125,375,5.0,15.0,7.958078640513122e-16,32.5380316916046,0.0291783909804152,Day_2,Fair,Intermediate,3.75mm,Experiment_2
Co-Polarized_IR,C15,150,400,6.0,16.0,5.684341886080805e-16,31.46442730008924,0.1919473379896412,Day_2,Fair,Intermediate,3.75mm,Experiment_2
Co-Polarized_IR,C15,175,425,7.0,17.0,-6.821210263296962e-16,31.614998282384153,0.2542144387643762,Day_2,Fair,Intermediate,3.75mm,Experiment_2
Co-Polarized_IR,C15,200,450,8.0,18.0,3.410605131648481e-16,31.964387007968476,0.2285924297548024,Day_2,Fair,Intermediate,3.75mm,Experiment_2
Co-Polarized_IR,C15,225,475,9.0,19.0,1.1368683772161603e-16,33.039381070780664,0.1722764459782463,Day_2,Fair,Intermediate,3.75mm,Experiment_2
Co-Polarized_IR,C15,250,500,10.0,20.0,5.684341886080805e-16,34.546323527177634,0.2013751729939416,Day_2,Fair,Intermediate,3.75mm,Experiment_2
Co-Polarized_IR,C15,275,525,11.0,21.0,-1.4779288903810085e-15,34.866048838247345,0.2466718564737138,Day_2,Fair,Intermediate,3.75mm,Experiment_2
Co-Polarized_IR,C15,300,550,12.0,22.0,-9.094947017729285e-16,36.54510128613853,0.125553730827057,Day_2,Fair,Intermediate,3.75mm,Experiment_2
Co-Polarized_IR,C15,325,575,13.0,23.0,3.410605131648481e-16,38.6980313949702,0.2113699802830568,Day_2,Fair,Intermediate,3.75mm,Experiment_2
Co-Polarized_IR,C15,350,600,14.0,24.0,1.3642420526593924e-15,43.2603572372599,0.3395266046432527,Day_2,Fair,Intermediate,3.75mm,Experiment_2
Co-Polarized_IR,C15,375,625,15.0,25.0,-4.831690603168685e-16,42.672435184236924,0.0615999948948038,Day_2,Fair,Intermediate,3.75mm,Experiment_2
Co-Polarized_IR,C15,400,650,16.0,26.0,8.526512829121202e-16,41.19154486571109,-0.0908806030170926,Day_2,Fair,Intermediate,3.75mm,Experiment_2
Co-Polarized_IR,C15,425,675,17.0,27.0,-2.2737367544323206e-16,42.36529752908784,-0.0619826757466353,Day_2,Fair,Intermediate,3.75mm,Experiment_2
Co-Polarized_IR,C15,450,700,18.0,28.0,2.8421709430404013e-16,44.3406733422758,-0.0925662680848332,Day_2,Fair,Intermediate,3.75mm,Experiment_2
Co-Polarized_IR,C15,475,725,19.0,29.0,3.410605131648481e-16,45.39249145994294,-0.0207943366597352,Day_2,Fair,Intermediate,3.75mm,Experiment_2
Co-Polarized_IR,C15,500,750,20.0,30.0,1.1368683772161605e-15,47.15570385434813,-0.0061602000877858,Day_2,Fair,Intermediate,3.75mm,Experiment_2
Co-Polarized_IR,C15,525,775,21.0,31.0,9.094947017729285e-16,51.66401614728459,-0.4178747912102087,Day_2,Fair,Intermediate,3.75mm,Experiment_2
Co-Polarized_IR,C15,550,800,22.0,32.0,-2.614797267597169e-15,134.12946522757815,0.7984570772497245,Day_2,Fair,Intermediate,3.75mm,Experiment_2
Co-Polarized_IR,C15,575,825,23.0,33.0,2.273736754432321e-15,129.420044956957,1.2628609994905118,Day_2,Fair,Intermediate,3.75mm,Experiment_2
Co-Polarized_IR,C15,600,850,24.0,34.0,2.2737367544323206e-16,129.99630747744246,1.3121339302735695,Day_2,Fair,Intermediate,3.75mm,Experiment_2
Co-Polarized_IR,C15,625,875,25.0,35.0,-5.115907697472721e-16,128.8090651063402,1.2825687406732034,Day_2,Fair,Intermediate,3.75mm,Experiment_2
Co-Polarized_IR,C15,650,900,26.0,36.0,-2.0463630789890884e-15,131.3287646721979,1.1831210305262672,Day_2,Fair,Intermediate,3.75mm,Experiment_2
Cross-Polarized_Green,C19,0,250,0.0,10.0,1.2505552149377765e-15,22.379890783048616,-0.5963580581658764,Day_2,Fair,Intermediate,3.75mm,Experiment_2
Cross-Polarized_Green,C19,25,275,1.0,11.0,-3.410605131648481e-16,21.88770546958211,-0.6822185274505279,Day_2,Fair,Intermediate,3.75mm,Experiment_2
Cross-Polarized_Green,C19,50,300,2.0,12.0,9.094947017729285e-16,22.457390116233373,-0.5665865455807629,Day_2,Fair,Intermediate,3.75mm,Experiment_2
Cross-Polarized_Green,C19,75,325,3.0,13.0,-1.4210854715202004e-16,21.130211391825885,-0.6949623254004661,Day_2,Fair,Intermediate,3.75mm,Experiment_2
Cross-Polarized_Green,C19,100,350,4.0,14.0,-5.684341886080802e-17,19.9871335421709,-0.6317145225226155,Day_2,Fair,Intermediate,3.75mm,Experiment_2
Cross-Polarized_Green,C19,125,375,5.0,15.0,-1.1368683772161603e-16,20.045279689675706,-0.7158713042661101,Day_2,Fair,Intermediate,3.75mm,Experiment_2
Cross-Polarized_Green,C19,150,400,6.0,16.0,-4.547473508864641e-16,21.31887307699821,-0.5291778531023704,Day_2,Fair,Intermediate,3.75mm,Experiment_2
Cross-Polarized_Green,C19,175,425,7.0,17.0,5.684341886080802e-17,20.888066192438423,-0.778917404582801,Day_2,Fair,Intermediate,3.75mm,Experiment_2
Cross-Polarized_Green,C19,200,450,8.0,18.0,2.842170943040401e-16,21.271661497629847,-0.6431223153107798,Day_2,Fair,Intermediate,3.75mm,Experiment_2
Cross-Polarized_Green,C19,225,475,9.0,19.0,-6.252776074688881e-16,21.07474115602008,-0.7069476178695211,Day_2,Fair,Intermediate,3.75mm,Experiment_2
Cross-Polarized_Green,C19,250,500,10.0,20.0,2.2737367544323206e-16,21.725705976959425,-0.583638815673437,Day_2,Fair,Intermediate,3.75mm,Experiment_2
Cross-Polarized_Green,C19,275,525,11.0,21.0,1.1368683772161603e-16,22.198996803701668,-0.724501853230252,Day_2,Fair,Intermediate,3.75mm,Experiment_2
Cross-Polarized_Green,C19,300,550,12.0,22.0,-1.4210854715202004e-16,22.363183382797914,-0.6933045945793094,Day_2,Fair,Intermediate,3.75mm,Experiment_2
Cross-Polarized_Green,C19,325,575,13.0,23.0,-3.410605131648481e-16,22.716634442935938,-0.7047012494336602,Day_2,Fair,Intermediate,3.75mm,Experiment_2
Cross-Polarized_Green,C19,350,600,14.0,24.0,1.1368683772161603e-16,23.35953873328151,-0.6932637618239323,Day_2,Fair,Intermediate,3.75mm,Experiment_2
Cross-Polarized_Green,C19,375,625,15.0,25.0,3.6948222259525213e-16,22.625402405342346,-0.6077850401044502,Day_2,Fair,Intermediate,3.75mm,Experiment_2
Cross-Polarized_Green,C19,400,650,16.0,26.0,-5.115907697472721e-16,22.461595278433354,-0.6070659969461665,Day_2,Fair,Intermediate,3.75mm,Experiment_2
Cross-Polarized_Green,C19,425,675,17.0,27.0,1.9895196601282808e-16,21.215593949703067,-0.4878394826295963,Day_2,Fair,Intermediate,3.75mm,Experiment_2
Cross-Polarized_Green,C19,450,700,18.0,28.0,-1.1368683772161603e-16,22.078008842173546,-0.4952471079426387,Day_2,Fair,Intermediate,3.75mm,Experiment_2
Cross-Polarized_Green,C19,475,725,19.0,29.0,8.5265128291212e-17,21.390247104296673,-0.541835347443379,Day_2,Fair,Intermediate,3.75mm,Experiment_2
Cross-Polarized_Green,C19,500,750,20.0,30.0,1.3642420526593924e-15,21.394823077036417,-0.4811477256768031,Day_2,Fair,Intermediate,3.75mm,Experiment_2
Cross-Polarized_Green,C19,525,775,21.0,31.0,3.979039320256561e-16,20.570327603837512,-0.3761032366111269,Day_2,Fair,Intermediate,3.75mm,Experiment_2
Cross-Polarized_Green,C19,550,800,22.0,32.0,2.842170943040401e-17,22.409497423871976,-0.0626994342882042,Day_2,Fair,Intermediate,3.75mm,Experiment_2
Cross-Polarized_Green,C19,575,825,23.0,33.0,1.9895196601282808e-16,21.20580477932997,-0.3497213234573809,Day_2,Fair,Intermediate,3.75mm,Experiment_2
Cross-Polarized_Green,C19,600,850,24.0,34.0,3.410605131648481e-16,21.184734956258268,-0.4959454684244012,Day_2,Fair,Intermediate,3.75mm,Experiment_2
Cross-Polarized_Green,C19,625,875,25.0,35.0,1.2363443602225742e-15,26.459819811162273,1.165665687888204,Day_2,Fair,Intermediate,3.75mm,Experiment_2
Cross-Polarized_Green,C19,650,900,26.0,36.0,2.0463630789890884e-15,36.970777608184285,0.5455986017429895,Day_2,Fair,Intermediate,3.75mm,Experiment_2
Cross-Polarized_Red,C18,0,250,0.0,10.0,-9.094947017729285e-16,63.87827797570442,-0.6883932910877807,Day_2,Fair,Intermediate,3.75mm,Experiment_2
Cross-Polarized_Red,C18,25,275,1.0,11.0,-2.5011104298755525e-15,57.38175525230822,-0.7781003968619091,Day_2,Fair,Intermediate,3.75mm,Experiment_2
Cross-Polarized_Red,C18,50,300,2.0,12.0,-2.3874235921539368e-15,58.9648312427304,-0.7354338810912547,Day_2,Fair,Intermediate,3.75mm,Experiment_2
Cross-Polarized_Red,C18,75,325,3.0,13.0,1.1368683772161603e-16,58.05885391349763,-0.7339321662651406,Day_2,Fair,Intermediate,3.75mm,Experiment_2
Cross-Polarized_Red,C18,100,350,4.0,14.0,2.2737367544323206e-16,57.049236846721435,-0.602757781867366,Day_2,Fair,Intermediate,3.75mm,Experiment_2
Cross-Polarized_Red,C18,125,375,5.0,15.0,7.958078640513122e-16,54.958014542526115,-0.7284898630728122,Day_2,Fair,Intermediate,3.75mm,Experiment_2
Cross-Polarized_Red,C18,150,400,6.0,16.0,9.094947017729285e-16,56.58321261575466,-0.7569413798432829,Day_2,Fair,Intermediate,3.75mm,Experiment_2
Cross-Polarized_Red,C18,175,425,7.0,17.0,-5.684341886080802e-17,54.01981061921585,-0.7938327880349818,Day_2,Fair,Intermediate,3.75mm,Experiment_2
Cross-Polarized_Red,C18,200,450,8.0,18.0,-1.1368683772161603e-16,54.359689450596335,-0.7323073416155064,Day_2,Fair,Intermediate,3.75mm,Experiment_2
Cross-Polarized_Red,C18,225,475,9.0,19.0,-2.7284841053187848e-15,53.6601976171282,-0.7139479480030091,Day_2,Fair,Intermediate,3.75mm,Experiment_2
Cross-Polarized_Red,C18,250,500,10.0,20.0,1.1368683772161605e-15,55.889246284756474,-0.6485986289156532,Day_2,Fair,Intermediate,3.75mm,Experiment_2
Cross-Polarized_Red,C18,275,525,11.0,21.0,1.1368683772161603e-16,53.78596360240788,-0.7107584257210426,Day_2,Fair,Intermediate,3.75mm,Experiment_2
Cross-Polarized_Red,C18,300,550,12.0,22.0,-5.229594535194337e-15,54.16531442453196,-0.6756820847533829,Day_2,Fair,Intermediate,3.75mm,Experiment_2
Cross-Polarized_Red,C18,325,575,13.0,23.0,-5.684341886080803e-16,53.06551479036918,-0.6988121244769954,Day_2,Fair,Intermediate,3.75mm,Experiment_2
Cross-Polarized_Red,C18,350,600,14.0,24.0,-1.2505552149377765e-15,55.329575445715946,-0.6479116348171297,Day_2,Fair,Intermediate,3.75mm,Experiment_2
Cross-Polarized_Red,C18,375,625,15.0,25.0,1.1368683772161603e-16,53.97734312476397,-0.6872596452175715,Day_2,Fair,Intermediate,3.75mm,Experiment_2
Cross-Polarized_Red,C18,400,650,16.0,26.0,-1.8189894035458565e-15,55.258902741936176,-0.6768646695120953,Day_2,Fair,Intermediate,3.75mm,Experiment_2
Cross-Polarized_Red,C18,425,675,17.0,27.0,-2.0463630789890884e-15,55.1151560557078,-0.6352471548322083,Day_2,Fair,Intermediate,3.75mm,Experiment_2
Cross-Polarized_Red,C18,450,700,18.0,28.0,-6.821210263296962e-16,56.41316437397895,-0.6238700925711662,Day_2,Fair,Intermediate,3.75mm,Experiment_2
Cross-Polarized_Red,C18,475,725,19.0,29.0,1.5347723092418164e-15,55.06971091884877,-0.6701943541584122,Day_2,Fair,Intermediate,3.75mm,Experiment_2
Cross-Polarized_Red,C18,500,750,20.0,30.0,-2.2737367544323206e-16,54.336053965259474,-0.7083123067922318,Day_2,Fair,Intermediate,3.75mm,Experiment_2
Cross-Polarized_Red,C18,525,775,21.0,31.0,7.958078640513122e-16,54.159235729119274,-0.6491331979764532,Day_2,Fair,Intermediate,3.75mm,Experiment_2
Cross-Polarized_Red,C18,550,800,22.0,32.0,4.547473508864641e-16,55.466282227921546,-0.6052543934185958,Day_2,Fair,Intermediate,3.75mm,Experiment_2
Cross-Polarized_Red,C18,575,825,23.0,33.0,-1.7053025658242402e-16,54.00466888744681,-0.6544799711281513,Day_2,Fair,Intermediate,3.75mm,Experiment_2
Cross-Polarized_Red,C18,600,850,24.0,34.0,-6.821210263296962e-16,55.349728756399074,-0.6290079945614726,Day_2,Fair,Intermediate,3.75mm,Experiment_2
Cross-Polarized_Red,C18,625,875,25.0,35.0,-2.0463630789890884e-15,55.36427542527266,-0.604568537976479,Day_2,Fair,Intermediate,3.75mm,Experiment_2
Cross-Polarized_Red,C18,650,900,26.0,36.0,-7.958078640513122e-16,56.59296191826906,-0.6458071608110063,Day_2,Fair,Intermediate,3.75mm,Experiment_2
Cross-Polarized_IR,C21,0,250,0.0,10.0,0.0,211.03202758670676,-0.8026625638075776,Day_2,Fair,Intermediate,3.75mm,Experiment_2
Cross-Polarized_IR,C21,25,275,1.0,11.0,-2.2737367544323206e-15,213.15307805320774,-0.7415966077395565,Day_2,Fair,Intermediate,3.75mm,Experiment_2
Cross-Polarized_IR,C21,50,300,2.0,12.0,2.2737367544323206e-15,218.8769797878398,-0.7230933196486722,Day_2,Fair,Intermediate,3.75mm,Experiment_2
Cross-Polarized_IR,C21,75,325,3.0,13.0,-1.3642420526593924e-15,211.98437470149696,-0.7830960840170118,Day_2,Fair,Intermediate,3.75mm,Experiment_2
Cross-Polarized_IR,C21,100,350,4.0,14.0,5.4569682106375695e-15,213.39974603942122,-0.7450550978696376,Day_2,Fair,Intermediate,3.75mm,Experiment_2
Cross-Polarized_IR,C21,125,375,5.0,15.0,-1.3642420526593924e-15,214.1164723371766,-0.724500552900098,Day_2,Fair,Intermediate,3.75mm,Experiment_2
Cross-Polarized_IR,C21,150,400,6.0,16.0,9.094947017729283e-16,219.42407217107817,-0.7094304397036838,Day_2,Fair,Intermediate,3.75mm,Experiment_2
Cross-Polarized_IR,C21,175,425,7.0,17.0,-2.2737367544323206e-16,213.04178808879394,-0.7589063590970427,Day_2,Fair,Intermediate,3.75mm,Experiment_2
Cross-Polarized_IR,C21,200,450,8.0,18.0,4.547473508864641e-15,215.7609341723598,-0.7226345124632441,Day_2,Fair,Intermediate,3.75mm,Experiment_2
Cross-Polarized_IR,C21,225,475,9.0,19.0,-3.637978807091713e-15,216.3331336462217,-0.7143020716369024,Day_2,Fair,Intermediate,3.75mm,Experiment_2
Cross-Polarized_IR,C21,250,500,10.0,20.0,-1.8189894035458565e-15,222.33717452857573,-0.6793964762348006,Day_2,Fair,Intermediate,3.75mm,Experiment_2
Cross-Polarized_IR,C21,275,525,11.0,21.0,2.2737367544323206e-16,214.05786814780834,-0.7468223549518204,Day_2,Fair,Intermediate,3.75mm,Experiment_2
Cross-Polarized_IR,C21,300,550,12.0,22.0,-2.2737367544323206e-15,214.50803790328177,-0.7322389481898054,Day_2,Fair,Intermediate,3.75mm,Experiment_2
Cross-Polarized_IR,C21,325,575,13.0,23.0,1.8189894035458565e-15,214.631413423528,-0.7062119059257608,Day_2,Fair,Intermediate,3.75mm,Experiment_2
Cross-Polarized_IR,C21,350,600,14.0,24.0,9.094947017729283e-16,221.54077732236522,-0.6584613541975235,Day_2,Fair,Intermediate,3.75mm,Experiment_2
Cross-Polarized_IR,C21,375,625,15.0,25.0,-4.547473508864641e-16,213.57592608909079,-0.7455782851505302,Day_2,Fair,Intermediate,3.75mm,Experiment_2
Cross-Polarized_IR,C21,400,650,16.0,26.0,9.094947017729283e-15,215.47310959041945,-0.7587051117017792,Day_2,Fair,Intermediate,3.75mm,Experiment_2
Cross-Polarized_IR,C21,425,675,17.0,27.0,2.2737367544323206e-15,214.2841630891601,-0.7164122827398812,Day_2,Fair,Intermediate,3.75mm,Experiment_2
Cross-Polarized_IR,C21,450,700,18.0,28.0,0.0,219.9224283529898,-0.6781793241753832,Day_2,Fair,Intermediate,3.75mm,Experiment_2
Cross-Polarized_IR,C21,475,725,19.0,29.0,-2.9558577807620166e-15,211.83172638140846,-0.7504801930077784,Day_2,Fair,Intermediate,3.75mm,Experiment_2
Cross-Polarized_IR,C21,500,750,20.0,30.0,1.8189894035458565e-15,214.50553788517016,-0.7373040043048116,Day_2,Fair,Intermediate,3.75mm,Experiment_2
Cross-Polarized_IR,C21,525,775,21.0,31.0,-2.2737367544323206e-15,214.1569426911345,-0.730155659577414,Day_2,Fair,Intermediate,3.75mm,Experiment_2
Cross-Polarized_IR,C21,550,800,22.0,32.0,2.2737367544323206e-15,221.43694592140068,-0.7135388490026503,Day_2,Fair,Intermediate,3.75mm,Experiment_2
Cross-Polarized_IR,C21,575,825,23.0,33.0,-1.5916157281026244e-15,213.0312697132957,-0.7223315503630238,Day_2,Fair,Intermediate,3.75mm,Experiment_2
Cross-Polarized_IR,C21,600,850,24.0,34.0,7.73070496506989e-15,216.5937843816943,-0.6869448229391529,Day_2,Fair,Intermediate,3.75mm,Experiment_2
Cross-Polarized_IR,C21,625,875,25.0,35.0,4.547473508864641e-16,214.88799710041408,-0.6895273393924045,Day_2,Fair,Intermediate,3.75mm,Experiment_2
Cross-Polarized_IR,C21,650,900,26.0,36.0,2.2737367544323206e-15,222.56029125864617,-0.6382763959161061,Day_2,Fair,Intermediate,3.75mm,Experiment_2
