time,Unpolarized_A_Green,Unpolarized_A_Red,Unpolarized_A_IR,Unpolarized_B_Green,Unpolarized_B_Red,Unpolarized_B_IR,Co-Polarized_Green,Co-Polarized_Red,Co-Polarized_IR,Cross-Polarized_Green,Cross-Polarized_Red,Cross-Polarized_IR,Day,Experiment,Wavelength,SkinTone,Orientation,Pol
2025-10-24T20:23:56.094Z,22,868,2365,241,997,2032,14086,14411,32025,5854,6004,14532,Day_4,Experiment_3,IR,Fair,180,Og. Pol
2025-10-24T20:23:56.134Z,23,866,2427,247,1000,2051,14390,14681,32492,5878,6017,14614,Day_4,Experiment_3,IR,Fair,180,Og. Pol
2025-10-24T20:23:56.174Z,33,887,2487,253,1012,2063,14510,14822,32725,5897,6021,14666,Day_4,Experiment_3,IR,Fair,180,Og. Pol
2025-10-24T20:23:56.214Z,37,914,2540,251,1027,2064,14523,14876,32819,5906,6024,14693,Day_4,Experiment_3,IR,Fair,180,Og. Pol
2025-10-24T20:23:56.254Z,26,923,2647,238,1036,2073,14600,14960,32998,5918,6030,14724,Day_4,Experiment_3,IR,Fair,180,Og. Pol
2025-10-24T20:23:56.294Z,12,911,2859,229,1035,2101,14793,15111,33328,5933,6039,14768,Day_4,Experiment_3,IR,Fair,180,Og. Pol
2025-10-24T20:23:56.334Z,6,886,2991,230,1026,2122,14992,15256,33654,5945,6049,14807,Day_4,Experiment_3,IR,Fair,180,Og. Pol
2025-10-24T20:23:56.374Z,7,861,2843,236,1014,2113,15108,15337,33863,5946,6054,14828,Day_4,Experiment_3,IR,Fair,180,Og. Pol
2025-10-24T20:23:56.414Z,12,849,2583,239,1005,2089,15148,15349,33958,5945,6054,14838,Day_4,Experiment_3,IR,Fair,180,Og. Pol
2025-10-24T20:23:56.454Z,16,853,2441,238,1002,2078,15068,15267,33862,5942,6050,14826,Day_4,Experiment_3,IR,Fair,180,Og. Pol
2025-10-24T20:23:56.494Z,23,864,2410,239,1002,2079,14774,15013,33409,5934,6034,14760,Day_4,Experiment_3,IR,Fair,180,Og. Pol
2025-10-24T20:23:56.535Z,37,869,2395,247,999,2075,14297,14590,32617,5920,6006,14636,Day_4,Experiment_3,IR,Fair,180,Og. Pol
2025-10-24T20:23:56.575Z,52,868,2357,256,994,2060,13878,14212,31898,5907,5984,14518,Day_4,Experiment_3,IR,Fair,180,Og. Pol
2025-10-24T20:23:56.615Z,57,872,2279,258,996,2045,13781,14129,31709,5904,5987,14482,Day_4,Experiment_3,IR,Fair,180,Og. Pol
2025-10-24T20:23:56.655Z,53,883,2148,255,1007,2036,13992,14326,32026,5911,6009,14530,Day_4,Experiment_3,IR,Fair,180,Og. Pol
2025-10-24T20:23:56.695Z,50,899,2079,253,1021,2037,14302,14615,32486,5919,6034,14604,Day_4,Experiment_3,IR,Fair,180,Og. Pol
2025-10-24T20:23:56.735Z,54,918,2179,258,1034,2049,14531,14847,32792,5924,6054,14658,Day_4,Experiment_3,IR,Fair,180,Og. Pol
2025-10-24T20:23:56.775Z,64,930,2335,265,1039,2057,14622,14969,32904,5922,6066,14684,Day_4,Experiment_3,IR,Fair,180,Og. Pol
2025-10-24T20:23:56.815Z,61,916,2415,264,1033,2060,14650,15026,32984,5916,6071,14704,Day_4,Experiment_3,IR,Fair,180,Og. Pol
2025-10-24T20:23:56.855Z,42,877,2432,254,1022,2065,14730,15093,33175,5914,6067,14736,Day_4,Experiment_3,IR,Fair,180,Og. Pol
2025-10-24T20:23:56.895Z,24,841,2441,245,1021,2077,14894,15189,33453,5923,6055,14769,Day_4,Experiment_3,IR,Fair,180,Og. Pol
2025-10-24T20:23:56.935Z,17,836,2461,243,1027,2090,15068,15291,33700,5936,6046,14792,Day_4,Experiment_3,IR,Fair,180,Og. Pol
2025-10-24T20:23:56.975Z,19,861,2487,247,1030,2095,15172,15378,33852,5941,6049,14807,Day_4,Experiment_3,IR,Fair,180,Og. Pol
2025-10-24T20:23:57.015Z,33,892,2509,257,1028,2092,15176,15406,33888,5938,6059,14816,Day_4,Experiment_3,IR,Fair,180,Og. Pol
2025-10-24T20:23:57.055Z,52,904,2510,266,1024,2082,15017,15270,33684,5931,6055,14792,Day_4,Experiment_3,IR,Fair,180,Og. Pol
2025-10-24T20:23:57.095Z,61,899,2482,265,1018,2068,14617,14911,33079,5921,6035,14705,Day_4,Experiment_3,IR,Fair,180,Og. Pol
2025-10-24T20:23:57.135Z,57,887,2446,257,1008,2056,14101,14465,32254,5909,6012,14576,Day_4,Experiment_3,IR,Fair,180,Og. Pol
2025-10-24T20:23:57.175Z,49,876,2425,252,1000,2050,13812,14221,31771,5905,5999,14496,Day_4,Experiment_3,IR,Fair,180,Og. Pol
2025-10-24T20:23:57.215Z,45,873,2415,256,1000,2054,13916,14310,31914,5913,6004,14519,Day_4,Experiment_3,IR,Fair,180,Og. Pol
2025-10-24T20:23:57.255Z,51,875,2412,265,1003,2062,14241,14576,32396,5924,6019,14601,Day_4,Experiment_3,IR,Fair,180,Og. Pol
2025-10-24T20:23:57.295Z,55,872,2414,269,1003,2069,14556,14814,32814,5935,6028,14664,Day_4,Experiment_3,IR,Fair,180,Og. Pol
2025-10-24T20:23:57.335Z,43,867,2414,257,1003,2070,14745,14945,33019,5941,6029,14688,Day_4,Experiment_3,IR,Fair,180,Og. Pol
2025-10-24T20:23:57.375Z,26,872,2404,240,1008,2064,14819,15008,33109,5937,6029,14701,Day_4,Experiment_3,IR,Fair,180,Og. Pol
2025-10-24T20:23:57.415Z,17,891,2397,231,1020,2062,14898,15095,33261,5930,6030,14728,Day_4,Experiment_3,IR,Fair,180,Og. Pol
2025-10-24T20:23:57.455Z,11,910,2414,229,1032,2074,15045,15233,33514,5932,6036,14768,Day_4,Experiment_3,IR,Fair,180,Og. Pol
2025-10-24T20:23:57.495Z,6,912,2449,230,1036,2091,15190,15355,33731,5943,6043,14799,Day_4,Experiment_3,IR,Fair,180,Og. Pol
2025-10-24T20:23:57.535Z,4,894,2477,227,1030,2101,15261,15421,33853,5951,6052,14817,Day_4,Experiment_3,IR,Fair,180,Og. Pol
2025-10-24T20:23:57.575Z,2,873,2491,222,1020,2105,15239,15410,33877,5948,6058,14822,Day_4,Experiment_3,IR,Fair,180,Og. Pol
2025-10-24T20:23:57.615Z,2,865,2494,221,1010,2104,15088,15267,33645,5941,6050,14786,Day_4,Experiment_3,IR,Fair,180,Og. Pol
2025-10-24T20:23:57.655Z,4,863,2478,225,997,2087,14722,14919,32982,5932,6024,14679,Day_4,Experiment_3,IR,Fair,180,Og. Pol
2025-10-24T20:23:57.695Z,10,862,2445,228,986,2056,14161,14428,31969,5914,5991,14515,Day_4,Experiment_3,IR,Fair,180,Og. Pol
2025-10-24T20:23:57.735Z,19,867,2419,228,986,2033,13697,14070,31095,5893,5975,14374,Day_4,Experiment_3,IR,Fair,180,Og. Pol
2025-10-24T20:23:57.775Z,27,869,2418,230,991,2035,13626,14067,30953,5884,5985,14353,Day_4,Experiment_3,IR,Fair,180,Og. Pol
2025-10-24T20:23:57.815Z,31,861,2426,232,994,2050,13886,14329,31557,5888,6005,14455,Day_4,Experiment_3,IR,Fair,180,Og. Pol
2025-10-24T20:23:57.855Z,25,857,2422,228,997,2059,14226,14628,32348,5899,6026,14584,Day_4,Experiment_3,IR,Fair,180,Og. Pol
2025-10-24T20:23:57.895Z,15,858,2399,219,1000,2058,14468,14815,32865,5912,6041,14668,Day_4,Experiment_3,IR,Fair,180,Og. Pol
2025-10-24T20:23:57.935Z,18,861,2351,219,1000,2053,14588,14878,33109,5923,6044,14713,Day_4,Experiment_3,IR,Fair,180,Og. Pol
2025-10-24T20:23:57.975Z,37,866,2286,233,1004,2050,14701,14944,33356,5932,6042,14760,Day_4,Experiment_3,IR,Fair,180,Og. Pol
2025-10-24T20:23:58.015Z,61,875,2261,251,1013,2056,14892,15114,33753,5940,6048,14828,Day_4,Experiment_3,IR,Fair,180,Og. Pol
2025-10-24T20:23:58.055Z,72,891,2317,260,1022,2071,15103,15325,34310,5947,6058,14920,Day_4,Experiment_3,IR,Fair,180,Og. Pol
2025-10-24T20:23:58.095Z,65,911,2393,260,1029,2083,15225,15450,35005,5947,6059,15036,Day_4,Experiment_3,IR,Fair,180,Og. Pol
2025-10-24T20:23:58.135Z,55,918,2427,259,1030,2085,15230,15461,35369,5936,6051,15094,Day_4,Experiment_3,IR,Fair,180,Og. Pol
2025-10-24T20:23:58.175Z,53,906,2439,262,1024,2084,15141,15380,34893,5926,6046,15001,Day_4,Experiment_3,IR,Fair,180,Og. Pol
2025-10-24T20:23:58.215Z,52,885,2451,262,1015,2082,14900,15158,33847,5922,6036,14815,Day_4,Experiment_3,IR,Fair,180,Og. Pol
2025-10-24T20:23:58.255Z,45,874,2455,252,1008,2072,14461,14773,32750,5917,6017,14639,Day_4,Experiment_3,IR,Fair,180,Og. Pol
2025-10-24T20:23:58.295Z,44,886,2446,244,1010,2056,14014,14395,31931,5908,5996,14519,Day_4,Experiment_3,IR,Fair,180,Og. Pol
2025-10-24T20:23:58.335Z,53,912,2429,248,1020,2045,13856,14257,31658,5903,5985,14484,Day_4,Experiment_3,IR,Fair,180,Og. Pol
2025-10-24T20:23:58.375Z,55,930,2416,257,1033,2048,14041,14401,31995,5913,5993,14544,Day_4,Experiment_3,IR,Fair,180,Og. Pol
2025-10-24T20:23:58.415Z,42,931,2415,259,1038,2059,14366,14666,32805,5934,6014,14674,Day_4,Experiment_3,IR,Fair,180,Og. Pol
2025-10-24T20:23:58.455Z,31,921,2425,255,1035,2070,14620,14871,33772,5952,6032,14818,Day_4,Experiment_3,IR,Fair,180,Og. Pol
2025-10-24T20:23:58.495Z,35,910,2436,252,1030,2077,14737,14969,34296,5960,6042,14889,Day_4,Experiment_3,IR,Fair,180,Og. Pol
2025-10-24T20:23:58.535Z,50,902,2437,254,1026,2079,14787,15043,34096,5958,6055,14857,Day_4,Experiment_3,IR,Fair,180,Og. Pol
2025-10-24T20:23:58.575Z,66,892,2425,257,1023,2078,14884,15172,33736,5953,6069,14808,Day_4,Experiment_3,IR,Fair,180,Og. Pol
2025-10-24T20:23:58.615Z,73,886,2413,259,1020,2080,15058,15334,33693,5953,6078,14806,Day_4,Experiment_3,IR,Fair,180,Og. Pol
2025-10-24T20:23:58.655Z,72,890,2418,258,1019,2088,15220,15444,33813,5960,6080,14822,Day_4,Experiment_3,IR,Fair,180,Og. Pol
2025-10-24T20:23:58.695Z,59,905,2439,248,1023,2098,15284,15473,33902,5966,6078,14833,Day_4,Experiment_3,IR,Fair,180,Og. Pol
2025-10-24T20:23:58.735Z,35,918,2451,234,1031,2102,15223,15427,33922,5961,6067,14834,Day_4,Experiment_3,IR,Fair,180,Og. Pol
2025-10-24T20:23:58.775Z,18,919,2439,229,1033,2093,15000,15265,33739,5944,6051,14802,Day_4,Experiment_3,IR,Fair,180,Og. Pol
2025-10-24T20:23:58.815Z,14,908,2417,231,1025,2074,14561,14914,33145,5919,6029,14707,Day_4,Experiment_3,IR,Fair,180,Og. Pol
2025-10-24T20:23:58.855Z,19,891,2414,232,1013,2060,14000,14431,32251,5893,6002,14569,Day_4,Experiment_3,IR,Fair,180,Og. Pol
2025-10-24T20:23:58.895Z,39,878,2428,235,1007,2057,13642,14097,31607,5879,5980,14478,Day_4,Experiment_3,IR,Fair,180,Og. Pol
2025-10-24T20:23:58.935Z,73,877,2440,242,1011,2064,13717,14126,31635,5885,5981,14493,Day_4,Experiment_3,IR,Fair,180,Og. Pol
2025-10-24T20:23:58.975Z,97,886,2442,246,1019,2072,14072,14412,32150,5904,6004,14574,Day_4,Experiment_3,IR,Fair,180,Og. Pol
2025-10-24T20:23:59.015Z,95,887,2447,246,1020,2079,14415,14703,32706,5923,6029,14653,Day_4,Experiment_3,IR,Fair,180,Og. Pol
2025-10-24T20:23:59.055Z,88,881,2457,250,1015,2084,14603,14855,33028,5937,6039,14700,Day_4,Experiment_3,IR,Fair,180,Og. Pol
2025-10-24T20:23:59.095Z,90,877,2458,257,1010,2084,14675,14912,33135,5938,6040,14718,Day_4,Experiment_3,IR,Fair,180,Og. Pol
2025-10-24T20:23:59.135Z,89,870,2450,267,1009,2083,14776,15026,33252,5931,6046,14732,Day_4,Experiment_3,IR,Fair,180,Og. Pol
2025-10-24T20:23:59.175Z,78,865,2444,274,1012,2085,14974,15235,33492,5928,6060,14761,Day_4,Experiment_3,IR,Fair,180,Og. Pol
2025-10-24T20:23:59.215Z,56,874,2447,269,1020,2089,15170,15418,33734,5934,6069,14790,Day_4,Experiment_3,IR,Fair,180,Og. Pol
2025-10-24T20:23:59.255Z,30,893,2453,254,1026,2092,15258,15482,33869,5939,6066,14807,Day_4,Experiment_3,IR,Fair,180,Og. Pol
2025-10-24T20:23:59.295Z,12,912,2455,238,1030,2095,15223,15443,33883,5939,6060,14810,Day_4,Experiment_3,IR,Fair,180,Og. Pol
2025-10-24T20:23:59.335Z,10,931,2459,232,1034,2098,15064,15304,33707,5936,6055,14783,Day_4,Experiment_3,IR,Fair,180,Og. Pol
2025-10-24T20:23:59.375Z,24,943,2461,239,1030,2094,14729,15009,33197,5928,6044,14702,Day_4,Experiment_3,IR,Fair,180,Og. Pol
2025-10-24T20:23:59.415Z,43,937,2455,250,1011,2079,14224,14567,32383,5910,6022,14577,Day_4,Experiment_3,IR,Fair,180,Og. Pol
2025-10-24T20:23:59.455Z,53,902,2444,255,989,2061,13784,14187,31696,5888,5998,14479,Day_4,Experiment_3,IR,Fair,180,Og. Pol
2025-10-24T20:23:59.495Z,52,818,2437,254,977,2054,13685,14093,31586,5880,5986,14477,Day_4,Experiment_3,IR,Fair,180,Og. Pol
2025-10-24T20:23:59.535Z,47,688,2431,251,973,2056,13916,14267,31982,5893,5989,14553,Day_4,Experiment_3,IR,Fair,180,Og. Pol
2025-10-24T20:23:59.575Z,45,587,2424,250,973,2060,14242,14533,32488,5914,6004,14638,Day_4,Experiment_3,IR,Fair,180,Og. Pol
2025-10-24T20:23:59.615Z,49,593,2425,251,982,2065,14460,14741,32828,5931,6024,14689,Day_4,Experiment_3,IR,Fair,180,Og. Pol
2025-10-24T20:23:59.655Z,54,683,2431,251,993,2067,14532,14849,32960,5938,6045,14702,Day_4,Experiment_3,IR,Fair,180,Og. Pol
2025-10-24T20:23:59.695Z,44,802,2433,245,1000,2069,14589,14928,33037,5939,6058,14700,Day_4,Experiment_3,IR,Fair,180,Og. Pol
2025-10-24T20:23:59.735Z,23,933,2437,238,1011,2075,14749,15060,33222,5937,6062,14713,Day_4,Experiment_3,IR,Fair,180,Og. Pol
2025-10-24T20:23:59.776Z,9,1102,2449,242,1035,2083,14971,15233,33491,5936,6060,14746,Day_4,Experiment_3,IR,Fair,180,Og. Pol
2025-10-24T20:23:59.816Z,7,1284,2461,254,1062,2089,15158,15383,33725,5940,6062,14778,Day_4,Experiment_3,IR,Fair,180,Og. Pol
2025-10-24T20:23:59.856Z,11,1414,2472,258,1076,2097,15259,15472,33853,5948,6070,14796,Day_4,Experiment_3,IR,Fair,180,Og. Pol
2025-10-24T20:23:59.896Z,17,1512,2484,255,1079,2106,15233,15470,33842,5952,6078,14799,Day_4,Experiment_3,IR,Fair,180,Og. Pol
2025-10-24T20:23:59.936Z,24,1523,2490,255,1077,2106,15015,15313,33573,5947,6076,14767,Day_4,Experiment_3,IR,Fair,180,Og. Pol
2025-10-24T20:23:59.976Z,26,1344,2472,254,1064,2087,14588,14944,32948,5934,6056,14677,Day_4,Experiment_3,IR,Fair,180,Og. Pol
2025-10-24T20:24:00.016Z,19,1105,2439,248,1048,2060,14124,14489,32203,5922,6022,14560,Day_4,Experiment_3,IR,Fair,180,Og. Pol
2025-10-24T20:24:00.056Z,12,962,2422,244,1035,2046,13913,14240,31829,5917,5994,14496,Day_4,Experiment_3,IR,Fair,180,Og. Pol
2025-10-24T20:24:00.096Z,10,882,2436,243,1019,2052,14040,14310,32002,5922,5985,14523,Day_4,Experiment_3,IR,Fair,180,Og. Pol
2025-10-24T20:24:00.136Z,13,806,2469,245,1008,2065,14330,14548,32450,5931,5992,14600,Day_4,Experiment_3,IR,Fair,180,Og. Pol
2025-10-24T20:24:00.176Z,21,742,2487,248,1013,2075,14589,14771,32862,5937,6008,14672,Day_4,Experiment_3,IR,Fair,180,Og. Pol
2025-10-24T20:24:00.216Z,34,697,2468,256,1034,2079,14731,14903,33125,5939,6022,14719,Day_4,Experiment_3,IR,Fair,180,Og. Pol
2025-10-24T20:24:00.256Z,45,654,2434,263,1057,2079,14774,14982,33273,5933,6034,14743,Day_4,Experiment_3,IR,Fair,180,Og. Pol
2025-10-24T20:24:00.296Z,48,659,2411,262,1063,2077,14835,15096,33453,5922,6044,14768,Day_4,Experiment_3,IR,Fair,180,Og. Pol
2025-10-24T20:24:00.336Z,52,764,2404,259,1052,2077,14978,15250,33734,5921,6053,14808,Day_4,Experiment_3,IR,Fair,180,Og. Pol
2025-10-24T20:24:00.376Z,64,909,2413,263,1037,2079,15129,15381,33981,5931,6066,14844,Day_4,Experiment_3,IR,Fair,180,Og. Pol
2025-10-24T20:24:00.416Z,73,1008,2429,271,1026,2080,15225,15472,34092,5941,6080,14858,Day_4,Experiment_3,IR,Fair,180,Og. Pol
2025-10-24T20:24:00.456Z,68,1009,2433,272,1019,2076,15233,15508,34058,5939,6085,14845,Day_4,Experiment_3,IR,Fair,180,Og. Pol
2025-10-24T20:24:00.496Z,55,918,2422,268,1014,2068,15081,15403,33793,5926,6073,14797,Day_4,Experiment_3,IR,Fair,180,Og. Pol
2025-10-24T20:24:00.536Z,43,835,2405,261,1009,2055,14686,15054,33149,5909,6043,14694,Day_4,Experiment_3,IR,Fair,180,Og. Pol
2025-10-24T20:24:00.576Z,40,832,2393,258,1004,2039,14102,14508,32218,5889,6001,14553,Day_4,Experiment_3,IR,Fair,180,Og. Pol
2025-10-24T20:24:00.616Z,51,883,2390,262,1000,2028,13638,14075,31515,5871,5974,14454,Day_4,Experiment_3,IR,Fair,180,Og. Pol
2025-10-24T20:24:00.656Z,63,937,2396,267,1001,2031,13585,14033,31471,5867,5976,14461,Day_4,Experiment_3,IR,Fair,180,Og. Pol
2025-10-24T20:24:00.696Z,61,964,2403,264,1007,2041,13876,14285,31923,5883,5996,14541,Day_4,Experiment_3,IR,Fair,180,Og. Pol
2025-10-24T20:24:00.736Z,53,955,2410,260,1016,2048,14252,14574,32427,5909,6018,14619,Day_4,Experiment_3,IR,Fair,180,Og. Pol
2025-10-24T20:24:00.776Z,62,927,2433,267,1024,2056,14508,14760,32717,5928,6035,14657,Day_4,Experiment_3,IR,Fair,180,Og. Pol
2025-10-24T20:24:00.816Z,81,899,2488,279,1024,2066,14594,14843,32821,5933,6046,14670,Day_4,Experiment_3,IR,Fair,180,Og. Pol
2025-10-24T20:24:00.856Z,83,886,2562,280,1025,2073,14648,14929,32971,5928,6051,14692,Day_4,Experiment_3,IR,Fair,180,Og. Pol
2025-10-24T20:24:00.896Z,68,890,2591,270,1028,2073,14813,15091,33315,5928,6057,14741,Day_4,Experiment_3,IR,Fair,180,Og. Pol
2025-10-24T20:24:00.936Z,52,899,2538,256,1031,2072,15057,15272,33735,5942,6064,14797,Day_4,Experiment_3,IR,Fair,180,Og. Pol
2025-10-24T20:24:00.976Z,40,905,2466,244,1033,2074,15242,15380,34022,5959,6066,14834,Day_4,Experiment_3,IR,Fair,180,Og. Pol
2025-10-24T20:24:01.016Z,29,901,2432,235,1033,2078,15294,15393,34103,5964,6060,14842,Day_4,Experiment_3,IR,Fair,180,Og. Pol
2025-10-24T20:24:01.056Z,17,882,2424,228,1026,2077,15197,15306,33975,5960,6049,14820,Day_4,Experiment_3,IR,Fair,180,Og. Pol
2025-10-24T20:24:01.096Z,10,859,2422,227,1012,2071,14909,15077,33533,5946,6034,14751,Day_4,Experiment_3,IR,Fair,180,Og. Pol
2025-10-24T20:24:01.136Z,12,849,2419,232,997,2059,14420,14711,32745,5920,6016,14630,Day_4,Experiment_3,IR,Fair,180,Og. Pol
2025-10-24T20:24:01.176Z,20,846,2417,237,987,2046,13930,14372,31979,5889,6000,14515,Day_4,Experiment_3,IR,Fair,180,Og. Pol
2025-10-24T20:24:01.216Z,31,838,2415,242,984,2041,13725,14277,31729,5870,5994,14487,Day_4,Experiment_3,IR,Fair,180,Og. Pol
2025-10-24T20:24:01.256Z,38,836,2411,247,989,2043,13880,14431,32011,5877,5997,14546,Day_4,Experiment_3,IR,Fair,180,Og. Pol
2025-10-24T20:24:01.296Z,38,847,2404,251,997,2048,14223,14655,32472,5899,6004,14632,Day_4,Experiment_3,IR,Fair,180,Og. Pol
2025-10-24T20:24:01.336Z,32,860,2401,255,1000,2055,14521,14810,32836,5920,6016,14694,Day_4,Experiment_3,IR,Fair,180,Og. Pol
2025-10-24T20:24:01.376Z,25,869,2411,257,999,2065,14650,14871,33014,5930,6031,14721,Day_4,Experiment_3,IR,Fair,180,Og. Pol
2025-10-24T20:24:01.416Z,26,881,2429,259,1002,2077,14679,14900,33096,5935,6041,14729,Day_4,Experiment_3,IR,Fair,180,Og. Pol
2025-10-24T20:24:01.456Z,37,895,2435,262,1009,2082,14773,14986,33264,5939,6046,14748,Day_4,Experiment_3,IR,Fair,180,Og. Pol
2025-10-24T20:24:01.496Z,52,906,2420,265,1016,2075,14979,15133,33547,5940,6049,14787,Day_4,Experiment_3,IR,Fair,180,Og. Pol
2025-10-24T20:24:01.536Z,56,906,2404,262,1021,2066,15244,15260,33801,5936,6048,14824,Day_4,Experiment_3,IR,Fair,180,Og. Pol
2025-10-24T20:24:01.576Z,50,893,2409,253,1023,2065,15540,15340,33954,5936,6047,14844,Day_4,Experiment_3,IR,Fair,180,Og. Pol
2025-10-24T20:24:01.616Z,45,883,2427,247,1021,2072,15725,15375,33995,5958,6048,14842,Day_4,Experiment_3,IR,Fair,180,Og. Pol
2025-10-24T20:24:01.656Z,49,881,2439,247,1017,2079,15627,15295,33798,6029,6050,14803,Day_4,Experiment_3,IR,Fair,180,Og. Pol
2025-10-24T20:24:01.696Z,58,882,2439,251,1013,2075,15265,14983,33170,6152,6041,14703,Day_4,Experiment_3,IR,Fair,180,Og. Pol
2025-10-24T20:24:01.736Z,66,880,2430,254,1010,2061,14711,14509,32251,6236,6020,14564,Day_4,Experiment_3,IR,Fair,180,Og. Pol
2025-10-24T20:24:01.776Z,62,879,2426,249,1009,2052,14166,14198,31645,6205,6003,14471,Day_4,Experiment_3,IR,Fair,180,Og. Pol
2025-10-24T20:24:01.816Z,44,879,2431,236,1010,2057,13959,14247,31714,6107,6002,14482,Day_4,Experiment_3,IR,Fair,180,Og. Pol
2025-10-24T20:24:01.856Z,28,868,2429,226,1008,2068,14117,14518,32174,6009,6010,14556,Day_4,Experiment_3,IR,Fair,180,Og. Pol
2025-10-24T20:24:01.896Z,28,850,2404,229,1003,2072,14355,14783,32618,5943,6021,14638,Day_4,Experiment_3,IR,Fair,180,Og. Pol
2025-10-24T20:24:01.936Z,45,848,2351,244,1004,2065,14450,14920,32883,5912,6030,14695,Day_4,Experiment_3,IR,Fair,180,Og. Pol
2025-10-24T20:24:01.976Z,55,859,2311,254,1008,2053,14457,14939,33016,5905,6030,14721,Day_4,Experiment_3,IR,Fair,180,Og. Pol
2025-10-24T20:24:02.016Z,43,871,2322,250,1011,2049,14570,14968,33195,5922,6025,14743,Day_4,Experiment_3,IR,Fair,180,Og. Pol
2025-10-24T20:24:02.056Z,21,884,2359,237,1016,2056,14789,15089,33474,5945,6029,14774,Day_4,Experiment_3,IR,Fair,180,Og. Pol
2025-10-24T20:24:02.096Z,7,888,2386,228,1019,2064,14962,15231,33712,5951,6039,14797,Day_4,Experiment_3,IR,Fair,180,Og. Pol
2025-10-24T20:24:02.136Z,1,879,2401,226,1017,2068,15040,15323,33845,5944,6044,14807,Day_4,Experiment_3,IR,Fair,180,Og. Pol
2025-10-24T20:24:02.176Z,1,866,2410,227,1014,2067,15043,15350,33888,5942,6044,14810,Day_4,Experiment_3,IR,Fair,180,Og. Pol
2025-10-24T20:24:02.216Z,2,853,2411,227,1011,2061,14952,15259,33735,5945,6038,14792,Day_4,Experiment_3,IR,Fair,180,Og. Pol
2025-10-24T20:24:02.256Z,10,849,2407,229,1006,2052,14683,14971,33231,5941,6026,14723,Day_4,Experiment_3,IR,Fair,180,Og. Pol
2025-10-24T20:24:02.297Z,25,862,2409,236,1003,2044,14218,14525,32448,5928,6012,14603,Day_4,Experiment_3,IR,Fair,180,Og. Pol
2025-10-24T20:24:02.337Z,40,880,2417,242,1002,2042,13812,14162,31789,5915,6001,14493,Day_4,Experiment_3,IR,Fair,180,Og. Pol
2025-10-24T20:24:02.377Z,42,881,2428,244,999,2048,13774,14103,31640,5912,5998,14462,Day_4,Experiment_3,IR,Fair,180,Og. Pol
2025-10-24T20:24:02.417Z,31,862,2439,242,994,2060,14072,14301,31980,5924,6003,14518,Day_4,Experiment_3,IR,Fair,180,Og. Pol
2025-10-24T20:24:02.457Z,24,836,2444,242,993,2071,14429,14566,32473,5940,6013,14604,Day_4,Experiment_3,IR,Fair,180,Og. Pol
2025-10-24T20:24:02.497Z,31,819,2439,247,1002,2076,14622,14753,32801,5945,6021,14658,Day_4,Experiment_3,IR,Fair,180,Og. Pol
2025-10-24T20:24:02.537Z,39,831,2436,250,1024,2077,14648,14838,32889,5935,6027,14669,Day_4,Experiment_3,IR,Fair,180,Og. Pol
2025-10-24T20:24:02.577Z,37,866,2444,247,1048,2078,14658,14908,32922,5924,6033,14676,Day_4,Experiment_3,IR,Fair,180,Og. Pol
2025-10-24T20:24:02.617Z,31,884,2455,243,1066,2081,14763,15035,33127,5919,6042,14715,Day_4,Experiment_3,IR,Fair,180,Og. Pol
2025-10-24T20:24:02.657Z,32,878,2454,243,1068,2081,14942,15197,33493,5923,6052,14772,Day_4,Experiment_3,IR,Fair,180,Og. Pol
2025-10-24T20:24:02.697Z,38,876,2434,246,1055,2076,15109,15342,33812,5936,6063,14815,Day_4,Experiment_3,IR,Fair,180,Og. Pol
2025-10-24T20:24:02.737Z,42,887,2405,249,1041,2067,15200,15427,33960,5948,6073,14834,Day_4,Experiment_3,IR,Fair,180,Og. Pol
2025-10-24T20:24:02.777Z,39,894,2386,250,1031,2060,15186,15411,33928,5955,6074,14830,Day_4,Experiment_3,IR,Fair,180,Og. Pol
2025-10-24T20:24:02.817Z,32,888,2387,248,1023,2055,15005,15233,33630,5953,6062,14787,Day_4,Experiment_3,IR,Fair,180,Og. Pol
2025-10-24T20:24:02.857Z,30,881,2394,247,1014,2050,14593,14861,32967,5939,6037,14691,Day_4,Experiment_3,IR,Fair,180,Og. Pol
2025-10-24T20:24:02.897Z,34,882,2397,248,1008,2045,14101,14436,32196,5915,6008,14578,Day_4,Experiment_3,IR,Fair,180,Og. Pol
2025-10-24T20:24:02.937Z,36,885,2403,248,1006,2047,13858,14222,31836,5899,5989,14525,Day_4,Experiment_3,IR,Fair,180,Og. Pol
2025-10-24T20:24:02.977Z,40,883,2413,250,1008,2056,13987,14302,32050,5904,5990,14560,Day_4,Experiment_3,IR,Fair,180,Og. Pol
2025-10-24T20:24:03.017Z,48,880,2424,255,1010,2064,14304,14523,32535,5921,6002,14639,Day_4,Experiment_3,IR,Fair,180,Og. Pol
2025-10-24T20:24:03.057Z,53,884,2431,257,1014,2066,14595,14750,32949,5937,6020,14701,Day_4,Experiment_3,IR,Fair,180,Og. Pol
2025-10-24T20:24:03.097Z,45,897,2437,254,1021,2066,14767,14933,33146,5947,6038,14725,Day_4,Experiment_3,IR,Fair,180,Og. Pol
2025-10-24T20:24:03.137Z,28,915,2438,246,1028,2068,14858,15047,33200,5951,6044,14725,Day_4,Experiment_3,IR,Fair,180,Og. Pol
2025-10-24T20:24:03.177Z,14,932,2435,240,1033,2071,14982,15143,33316,5958,6041,14734,Day_4,Experiment_3,IR,Fair,180,Og. Pol
2025-10-24T20:24:03.217Z,13,937,2434,237,1033,2079,15163,15273,33552,5966,6044,14758,Day_4,Experiment_3,IR,Fair,180,Og. Pol
2025-10-24T20:24:03.257Z,21,918,2443,235,1025,2091,15295,15387,33757,5968,6055,14777,Day_4,Experiment_3,IR,Fair,180,Og. Pol
2025-10-24T20:24:03.297Z,31,887,2454,237,1011,2098,15316,15463,33860,5961,6069,14792,Day_4,Experiment_3,IR,Fair,180,Og. Pol
2025-10-24T20:24:03.337Z,38,869,2449,240,1003,2093,15242,15527,33886,5948,6091,14807,Day_4,Experiment_3,IR,Fair,180,Og. Pol
2025-10-24T20:24:03.377Z,40,869,2431,243,1003,2076,15043,15501,33716,5934,6123,14795,Day_4,Experiment_3,IR,Fair,180,Og. Pol
2025-10-24T20:24:03.417Z,40,879,2411,243,1005,2054,14635,15178,33130,5919,6153,14709,Day_4,Experiment_3,IR,Fair,180,Og. Pol
2025-10-24T20:24:03.457Z,41,890,2401,242,1003,2034,14067,14503,32205,5904,6184,14564,Day_4,Experiment_3,IR,Fair,180,Og. Pol
2025-10-24T20:24:03.497Z,43,895,2402,242,1002,2025,13652,13844,31505,5893,6236,14458,Day_4,Experiment_3,IR,Fair,180,Og. Pol
2025-10-24T20:24:03.537Z,44,897,2409,243,1003,2031,13660,13677,31483,5898,6264,14463,Day_4,Experiment_3,IR,Fair,180,Og. Pol
2025-10-24T20:24:03.577Z,44,904,2414,246,1007,2044,13991,14033,31936,5915,6198,14543,Day_4,Experiment_3,IR,Fair,180,Og. Pol
2025-10-24T20:24:03.617Z,43,911,2410,250,1011,2053,14344,14505,32408,5930,6085,14620,Day_4,Experiment_3,IR,Fair,180,Og. Pol
2025-10-24T20:24:03.657Z,46,921,2403,253,1019,2055,14522,14756,32672,5931,5993,14660,Day_4,Experiment_3,IR,Fair,180,Og. Pol
2025-10-24T20:24:03.697Z,45,937,2394,257,1032,2054,14546,14790,32789,5919,5942,14678,Day_4,Experiment_3,IR,Fair,180,Og. Pol
2025-10-24T20:24:03.737Z,39,946,2391,256,1043,2055,14604,14808,32986,5911,5944,14708,Day_4,Experiment_3,IR,Fair,180,Og. Pol
2025-10-24T20:24:03.777Z,37,927,2400,254,1041,2062,14808,14972,33355,5916,5983,14754,Day_4,Experiment_3,IR,Fair,180,Og. Pol
2025-10-24T20:24:03.817Z,39,892,2416,253,1026,2071,15075,15275,33729,5928,6034,14792,Day_4,Experiment_3,IR,Fair,180,Og. Pol
2025-10-24T20:24:03.857Z,40,870,2429,252,1012,2079,15263,15561,33933,5939,6073,14803,Day_4,Experiment_3,IR,Fair,180,Og. Pol
2025-10-24T20:24:03.897Z,40,864,2431,248,1005,2082,15328,15662,33955,5949,6086,14794,Day_4,Experiment_3,IR,Fair,180,Og. Pol
2025-10-24T20:24:03.937Z,37,861,2415,240,1003,2076,15269,15510,33795,5957,6072,14764,Day_4,Experiment_3,IR,Fair,180,Og. Pol
2025-10-24T20:24:03.977Z,35,858,2392,235,999,2061,15004,15124,33336,5958,6038,14694,Day_4,Experiment_3,IR,Fair,180,Og. Pol
2025-10-24T20:24:04.017Z,37,857,2386,240,994,2045,14489,14598,32592,5942,5993,14587,Day_4,Experiment_3,IR,Fair,180,Og. Pol
2025-10-24T20:24:04.057Z,39,857,2398,246,991,2037,13948,14158,31993,5914,5957,14508,Day_4,Experiment_3,IR,Fair,180,Og. Pol
2025-10-24T20:24:04.097Z,42,859,2408,251,993,2035,13687,14019,31994,5889,5946,14523,Day_4,Experiment_3,IR,Fair,180,Og. Pol
2025-10-24T20:24:04.137Z,52,864,2400,258,999,2036,13786,14206,32426,5880,5959,14604,Day_4,Experiment_3,IR,Fair,180,Og. Pol
2025-10-24T20:24:04.177Z,63,870,2383,264,1005,2042,14113,14669,32797,5893,5991,14672,Day_4,Experiment_3,IR,Fair,180,Og. Pol
2025-10-24T20:24:04.217Z,62,871,2378,263,1007,2051,14436,15335,32949,5916,6026,14698,Day_4,Experiment_3,IR,Fair,180,Og. Pol
2025-10-24T20:24:04.257Z,49,861,2381,259,1004,2054,14598,15922,32989,5930,6045,14704,Day_4,Experiment_3,IR,Fair,180,Og. Pol
2025-10-24T20:24:04.297Z,31,849,2382,254,1004,2050,14663,16051,33055,5933,6046,14715,Day_4,Experiment_3,IR,Fair,180,Og. Pol
2025-10-24T20:24:04.337Z,18,852,2388,249,1012,2050,14783,15771,33250,5933,6044,14741,Day_4,Experiment_3,IR,Fair,180,Og. Pol
2025-10-24T20:24:04.377Z,12,868,2400,243,1022,2056,14980,15496,33537,5941,6049,14776,Day_4,Experiment_3,IR,Fair,180,Og. Pol
2025-10-24T20:24:04.417Z,13,886,2407,236,1030,2059,15158,15399,33787,5954,6053,14805,Day_4,Experiment_3,IR,Fair,180,Og. Pol
2025-10-24T20:24:04.457Z,17,899,2407,233,1033,2057,15261,15406,33953,5961,6054,14826,Day_4,Experiment_3,IR,Fair,180,Og. Pol
2025-10-24T20:24:04.497Z,24,900,2408,233,1030,2058,15275,15477,34021,5957,6063,14831,Day_4,Experiment_3,IR,Fair,180,Og. Pol
2025-10-24T20:24:04.537Z,36,899,2415,241,1023,2063,15131,15608,33834,5945,6079,14798,Day_4,Experiment_3,IR,Fair,180,Og. Pol
2025-10-24T20:24:04.577Z,49,909,2422,250,1019,2064,14712,15760,33185,5925,6085,14698,Day_4,Experiment_3,IR,Fair,180,Og. Pol
2025-10-24T20:24:04.617Z,56,926,2418,251,1019,2054,14119,15783,32236,5897,6063,14552,Day_4,Experiment_3,IR,Fair,180,Og. Pol
2025-10-24T20:24:04.657Z,49,943,2407,242,1023,2042,13758,15518,31601,5879,6028,14452,Day_4,Experiment_3,IR,Fair,180,Og. Pol
2025-10-24T20:24:04.697Z,37,947,2404,236,1030,2041,13847,15101,31660,5886,6013,14465,Day_4,Experiment_3,IR,Fair,180,Og. Pol
2025-10-24T20:24:04.737Z,37,927,2413,242,1033,2052,14159,14879,32147,5900,6027,14550,Day_4,Experiment_3,IR,Fair,180,Og. Pol
2025-10-24T20:24:04.777Z,51,887,2425,254,1029,2066,14398,14912,32628,5901,6051,14634,Day_4,Experiment_3,IR,Fair,180,Og. Pol
2025-10-24T20:24:04.817Z,60,853,2432,260,1025,2073,14503,14981,32907,5893,6063,14679,Day_4,Experiment_3,IR,Fair,180,Og. Pol
2025-10-24T20:24:04.857Z,49,851,2425,257,1027,2070,14575,14978,33045,5897,6053,14703,Day_4,Experiment_3,IR,Fair,180,Og. Pol
2025-10-24T20:24:04.897Z,30,879,2412,254,1033,2066,14723,15006,33239,5913,6040,14735,Day_4,Experiment_3,IR,Fair,180,Og. Pol
2025-10-24T20:24:04.937Z,25,905,2412,255,1036,2072,14932,15134,33534,5927,6038,14781,Day_4,Experiment_3,IR,Fair,180,Og. Pol
2025-10-24T20:24:04.977Z,34,902,2421,257,1030,2082,15084,15277,33775,5930,6044,14815,Day_4,Experiment_3,IR,Fair,180,Og. Pol
2025-10-24T20:24:05.017Z,37,879,2428,253,1020,2086,15136,15373,33887,5927,6054,14827,Day_4,Experiment_3,IR,Fair,180,Og. Pol
2025-10-24T20:24:05.057Z,27,858,2432,242,1011,2083,15121,15422,33888,5922,6065,14825,Day_4,Experiment_3,IR,Fair,180,Og. Pol
2025-10-24T20:24:05.097Z,17,852,2429,233,1008,2073,15002,15359,33692,5917,6071,14795,Day_4,Experiment_3,IR,Fair,180,Og. Pol
2025-10-24T20:24:05.137Z,22,858,2410,234,1006,2052,14687,15075,33136,5914,6059,14707,Day_4,Experiment_3,IR,Fair,180,Og. Pol
2025-10-24T20:24:05.177Z,33,862,2383,241,997,2028,14192,14597,32275,5907,6028,14564,Day_4,Experiment_3,IR,Fair,180,Og. Pol
2025-10-24T20:24:05.217Z,40,857,2369,247,981,2014,13781,14194,31575,5895,5998,14445,Day_4,Experiment_3,IR,Fair,180,Og. Pol
2025-10-24T20:24:05.257Z,38,856,2375,245,975,2021,13724,14126,31474,5889,5991,14428,Day_4,Experiment_3,IR,Fair,180,Og. Pol
2025-10-24T20:24:05.297Z,25,864,2393,233,986,2042,13975,14352,31866,5891,6005,14492,Day_4,Experiment_3,IR,Fair,180,Og. Pol
2025-10-24T20:24:05.337Z,12,866,2413,224,997,2063,14294,14653,32339,5895,6023,14571,Day_4,Experiment_3,IR,Fair,180,Og. Pol
2025-10-24T20:24:05.377Z,11,851,2429,230,997,2073,14501,14866,32626,5897,6039,14622,Day_4,Experiment_3,IR,Fair,180,Og. Pol
2025-10-24T20:24:05.417Z,21,836,2432,245,994,2072,14562,14936,32710,5900,6047,14642,Day_4,Experiment_3,IR,Fair,180,Og. Pol
2025-10-24T20:24:05.457Z,29,839,2428,252,992,2070,14588,14940,32790,5906,6043,14662,Day_4,Experiment_3,IR,Fair,180,Og. Pol
2025-10-24T20:24:05.497Z,29,851,2427,249,986,2075,14720,15009,33056,5918,6036,14706,Day_4,Experiment_3,IR,Fair,180,Og. Pol
2025-10-24T20:24:05.537Z,34,863,2435,251,969,2084,14970,15164,33442,5940,6040,14762,Day_4,Experiment_3,IR,Fair,180,Og. Pol
2025-10-24T20:24:05.577Z,50,877,2444,260,951,2091,15177,15314,33748,5953,6049,14804,Day_4,Experiment_3,IR,Fair,180,Og. Pol
2025-10-24T20:24:05.617Z,58,888,2449,263,953,2095,15215,15388,33893,5943,6052,14820,Day_4,Experiment_3,IR,Fair,180,Og. Pol
2025-10-24T20:24:05.657Z,47,892,2446,253,978,2094,15128,15367,33862,5927,6051,14808,Day_4,Experiment_3,IR,Fair,180,Og. Pol
2025-10-24T20:24:05.697Z,31,890,2435,243,999,2085,14922,15191,33559,5918,6041,14755,Day_4,Experiment_3,IR,Fair,180,Og. Pol
2025-10-24T20:24:05.737Z,24,883,2425,239,1002,2066,14526,14821,32917,5912,6021,14659,Day_4,Experiment_3,IR,Fair,180,Og. Pol
2025-10-24T20:24:05.777Z,20,876,2418,236,997,2047,14066,14398,32203,5903,5994,14558,Day_4,Experiment_3,IR,Fair,180,Og. Pol
2025-10-24T20:24:05.817Z,14,874,2411,232,998,2039,13842,14191,31894,5897,5975,14515,Day_4,Experiment_3,IR,Fair,180,Og. Pol
2025-10-24T20:24:05.857Z,9,881,2406,229,1008,2045,13950,14290,32109,5899,5974,14551,Day_4,Experiment_3,IR,Fair,180,Og. Pol
2025-10-24T20:24:05.897Z,11,891,2407,228,1019,2055,14201,14549,32536,5899,5990,14613,Day_4,Experiment_3,IR,Fair,180,Og. Pol
2025-10-24T20:24:05.937Z,20,887,2411,232,1017,2060,14417,14796,32857,5894,6015,14655,Day_4,Experiment_3,IR,Fair,180,Og. Pol
2025-10-24T20:24:05.977Z,34,864,2418,243,1001,2063,14562,14955,32982,5892,6040,14670,Day_4,Experiment_3,IR,Fair,180,Og. Pol
2025-10-24T20:24:06.017Z,45,838,2427,253,986,2069,14664,15038,33020,5898,6054,14679,Day_4,Experiment_3,IR,Fair,180,Og. Pol
2025-10-24T20:24:06.057Z,46,826,2431,256,983,2075,14800,15125,33156,5907,6054,14709,Day_4,Experiment_3,IR,Fair,180,Og. Pol
2025-10-24T20:24:06.097Z,43,829,2423,254,991,2077,14995,15261,33426,5920,6053,14759,Day_4,Experiment_3,IR,Fair,180,Og. Pol
2025-10-24T20:24:06.137Z,44,837,2412,252,1002,2072,15156,15392,33679,5931,6060,14801,Day_4,Experiment_3,IR,Fair,180,Og. Pol
2025-10-24T20:24:06.177Z,46,849,2407,252,1011,2068,15236,15453,33829,5940,6066,14820,Day_4,Experiment_3,IR,Fair,180,Og. Pol
2025-10-24T20:24:06.217Z,43,869,2419,251,1018,2069,15279,15430,33876,5951,6067,14820,Day_4,Experiment_3,IR,Fair,180,Og. Pol
2025-10-24T20:24:06.257Z,40,896,2443,245,1021,2074,15230,15283,33700,5962,6059,14786,Day_4,Experiment_3,IR,Fair,180,Og. Pol
2025-10-24T20:24:06.297Z,35,914,2453,237,1019,2069,14892,14934,33099,5957,6037,14693,Day_4,Experiment_3,IR,Fair,180,Og. Pol
2025-10-24T20:24:06.337Z,26,909,2434,229,1008,2049,14264,14435,32165,5933,6003,14557,Day_4,Experiment_3,IR,Fair,180,Og. Pol
2025-10-24T20:24:06.377Z,20,887,2407,227,995,2032,13759,14073,31467,5910,5979,14463,Day_4,Experiment_3,IR,Fair,180,Og. Pol
2025-10-24T20:24:06.417Z,26,870,2393,233,991,2033,13708,14079,31458,5904,5984,14475,Day_4,Experiment_3,IR,Fair,180,Og. Pol
2025-10-24T20:24:06.457Z,34,875,2400,240,1002,2048,13978,14359,31943,5905,6011,14556,Day_4,Experiment_3,IR,Fair,180,Og. Pol
2025-10-24T20:24:06.497Z,37,897,2423,241,1020,2069,14269,14659,32456,5902,6036,14635,Day_4,Experiment_3,IR,Fair,180,Og. Pol
2025-10-24T20:24:06.537Z,32,918,2452,236,1031,2089,14430,14807,32736,5901,6042,14675,Day_4,Experiment_3,IR,Fair,180,Og. Pol
2025-10-24T20:24:06.577Z,24,925,2469,234,1031,2100,14497,14816,32840,5908,6028,14684,Day_4,Experiment_3,IR,Fair,180,Og. Pol
2025-10-24T20:24:06.617Z,21,923,2466,241,1029,2103,14610,14857,33003,5920,6014,14695,Day_4,Experiment_3,IR,Fair,180,Og. Pol
2025-10-24T20:24:06.657Z,26,918,2453,252,1030,2103,14834,15038,33313,5928,6017,14723,Day_4,Experiment_3,IR,Fair,180,Og. Pol
2025-10-24T20:24:06.697Z,31,911,2443,257,1032,2101,15080,15277,33623,5929,6034,14755,Day_4,Experiment_3,IR,Fair,180,Og. Pol
2025-10-24T20:24:06.737Z,28,911,2440,255,1035,2098,15231,15444,33808,5925,6052,14777,Day_4,Experiment_3,IR,Fair,180,Og. Pol
2025-10-24T20:24:06.777Z,23,919,2445,249,1040,2098,15264,15490,33860,5920,6062,14786,Day_4,Experiment_3,IR,Fair,180,Og. Pol
2025-10-24T20:24:06.817Z,19,925,2452,244,1039,2094,15188,15409,33757,5916,6058,14772,Day_4,Experiment_3,IR,Fair,180,Og. Pol
2025-10-24T20:24:06.857Z,23,917,2446,241,1026,2077,14932,15155,33372,5908,6041,14715,Day_4,Experiment_3,IR,Fair,180,Og. Pol
2025-10-24T20:24:06.897Z,30,902,2425,239,1010,2050,14466,14735,32664,5894,6017,14613,Day_4,Experiment_3,IR,Fair,180,Og. Pol
2025-10-24T20:24:06.937Z,41,896,2403,242,1002,2031,14013,14343,31981,5881,5996,14518,Day_4,Experiment_3,IR,Fair,180,Og. Pol
2025-10-24T20:24:06.977Z,58,896,2391,254,1004,2029,13872,14217,31784,5882,5990,14495,Day_4,Experiment_3,IR,Fair,180,Og. Pol
2025-10-24T20:24:07.017Z,72,890,2390,264,1005,2040,14056,14371,32080,5899,6000,14542,Day_4,Experiment_3,IR,Fair,180,Og. Pol
2025-10-24T20:24:07.057Z,72,875,2401,266,1003,2056,14344,14632,32505,5914,6015,14608,Day_4,Experiment_3,IR,Fair,180,Og. Pol
2025-10-24T20:24:07.097Z,71,866,2414,266,1003,2068,14549,14841,32787,5919,6025,14658,Day_4,Experiment_3,IR,Fair,180,Og. Pol
2025-10-24T20:24:07.137Z,68,865,2415,266,1003,2071,14633,14933,32892,5920,6025,14685,Day_4,Experiment_3,IR,Fair,180,Og. Pol
2025-10-24T20:24:07.177Z,56,866,2411,261,1002,2070,14662,14949,32952,5919,6015,14698,Day_4,Experiment_3,IR,Fair,180,Og. Pol
2025-10-24T20:24:07.217Z,37,874,2429,255,1004,2077,14726,15001,33130,5916,6008,14723,Day_4,Experiment_3,IR,Fair,180,Og. Pol
2025-10-24T20:24:07.257Z,24,887,2472,254,1012,2095,14830,15144,33422,5919,6017,14763,Day_4,Experiment_3,IR,Fair,180,Og. Pol
2025-10-24T20:24:07.297Z,21,891,2509,254,1016,2112,14826,15303,33685,5932,6034,14800,Day_4,Experiment_3,IR,Fair,180,Og. Pol
2025-10-24T20:24:07.337Z,24,877,2507,254,1011,2113,14645,15405,33849,5941,6048,14827,Day_4,Experiment_3,IR,Fair,180,Og. Pol
2025-10-24T20:24:07.377Z,30,865,2476,254,1006,2099,14491,15422,33898,5936,6056,14836,Day_4,Experiment_3,IR,Fair,180,Og. Pol
2025-10-24T20:24:07.417Z,37,871,2444,254,1008,2080,14490,15275,33704,5918,6050,14805,Day_4,Experiment_3,IR,Fair,180,Og. Pol
2025-10-24T20:24:07.457Z,44,883,2427,251,1008,2062,14371,14890,33085,5905,6025,14705,Day_4,Experiment_3,IR,Fair,180,Og. Pol
2025-10-24T20:24:07.497Z,49,884,2416,248,1001,2044,14007,14384,32185,5903,5995,14561,Day_4,Experiment_3,IR,Fair,180,Og. Pol
2025-10-24T20:24:07.537Z,53,873,2405,252,993,2034,13734,14058,31613,5913,5977,14472,Day_4,Experiment_3,IR,Fair,180,Og. Pol
2025-10-24T20:24:07.577Z,52,865,2402,256,996,2040,13822,14102,31730,5927,5979,14494,Day_4,Experiment_3,IR,Fair,180,Og. Pol
2025-10-24T20:24:07.617Z,43,871,2409,250,1007,2056,14138,14391,32235,5933,5995,14576,Day_4,Experiment_3,IR,Fair,180,Og. Pol
2025-10-24T20:24:07.657Z,37,885,2412,244,1019,2068,14432,14688,32685,5928,6012,14649,Day_4,Experiment_3,IR,Fair,180,Og. Pol
2025-10-24T20:24:07.697Z,45,902,2408,252,1030,2071,14597,14854,32921,5924,6020,14695,Day_4,Experiment_3,IR,Fair,180,Og. Pol
2025-10-24T20:24:07.737Z,57,914,2400,264,1037,2067,14678,14915,33024,5929,6022,14719,Day_4,Experiment_3,IR,Fair,180,Og. Pol
2025-10-24T20:24:07.777Z,62,906,2394,266,1033,2064,14782,14993,33181,5939,6022,14742,Day_4,Experiment_3,IR,Fair,180,Og. Pol
2025-10-24T20:24:07.817Z,58,885,2393,258,1025,2065,14939,15126,33462,5948,6021,14777,Day_4,Experiment_3,IR,Fair,180,Og. Pol
2025-10-24T20:24:07.857Z,46,867,2398,245,1018,2068,15080,15246,33726,5954,6017,14815,Day_4,Experiment_3,IR,Fair,180,Og. Pol
2025-10-24T20:24:07.897Z,35,851,2404,237,1014,2069,15164,15318,33874,5958,6020,14837,Day_4,Experiment_3,IR,Fair,180,Og. Pol
2025-10-24T20:24:07.937Z,41,839,2399,238,1009,2062,15184,15341,33894,5958,6031,14834,Day_4,Experiment_3,IR,Fair,180,Og. Pol
2025-10-24T20:24:07.977Z,63,837,2384,248,1007,2049,15084,15289,33697,5953,6041,14792,Day_4,Experiment_3,IR,Fair,180,Og. Pol
2025-10-24T20:24:08.017Z,80,849,2370,259,1005,2033,14765,15133,33137,5943,6042,14696,Day_4,Experiment_3,IR,Fair,180,Og. Pol
2025-10-24T20:24:08.057Z,76,866,2371,263,1003,2021,14240,14888,32287,5928,6035,14561,Day_4,Experiment_3,IR,Fair,180,Og. Pol
2025-10-24T20:24:08.097Z,60,881,2386,263,1004,2020,13789,14620,31608,5911,6026,14457,Day_4,Experiment_3,IR,Fair,180,Og. Pol
2025-10-24T20:24:08.137Z,42,889,2397,257,1009,2027,13711,14444,31533,5906,6022,14450,Day_4,Experiment_3,IR,Fair,180,Og. Pol
2025-10-24T20:24:08.177Z,30,891,2395,245,1013,2035,13954,14456,31965,5912,6025,14524,Day_4,Experiment_3,IR,Fair,180,Og. Pol
2025-10-24T20:24:08.217Z,21,887,2386,234,1013,2041,14273,14608,32510,5922,6029,14611,Day_4,Experiment_3,IR,Fair,180,Og. Pol
2025-10-24T20:24:08.257Z,19,880,2376,231,1009,2043,14499,14758,32878,5930,6034,14668,Day_4,Experiment_3,IR,Fair,180,Og. Pol
2025-10-24T20:24:08.297Z,27,874,2375,237,1002,2046,14592,14839,33005,5936,6039,14688,Day_4,Experiment_3,IR,Fair,180,Og. Pol
2025-10-24T20:24:08.337Z,33,868,2390,243,997,2054,14653,14932,33044,5938,6050,14696,Day_4,Experiment_3,IR,Fair,180,Og. Pol
2025-10-24T20:24:08.377Z,28,862,2408,242,998,2065,14799,15149,33204,5942,6072,14725,Day_4,Experiment_3,IR,Fair,180,Og. Pol
2025-10-24T20:24:08.420Z,22,858,2416,237,1002,2072,15009,15446,33500,5950,6108,14773,Day_4,Experiment_3,IR,Fair,180,Og. Pol
2025-10-24T20:24:08.460Z,18,857,2429,232,1006,2081,15176,15628,33772,5957,6138,14811,Day_4,Experiment_3,IR,Fair,180,Og. Pol
2025-10-24T20:24:08.500Z,13,861,2455,227,1007,2095,15235,15588,33913,5956,6135,14827,Day_4,Experiment_3,IR,Fair,180,Og. Pol
2025-10-24T20:24:08.540Z,11,870,2473,227,1008,2100,15176,15417,33896,5947,6097,14820,Day_4,Experiment_3,IR,Fair,180,Og. Pol
2025-10-24T20:24:08.580Z,18,884,2462,236,1012,2087,14954,15164,33610,5931,6052,14775,Day_4,Experiment_3,IR,Fair,180,Og. Pol
2025-10-24T20:24:08.620Z,34,897,2438,247,1014,2067,14528,14784,32944,5912,6013,14674,Day_4,Experiment_3,IR,Fair,180,Og. Pol
2025-10-24T20:24:08.660Z,47,897,2424,253,1011,2057,14051,14384,32151,5891,5981,14552,Day_4,Experiment_3,IR,Fair,180,Og. Pol
2025-10-24T20:24:08.700Z,50,887,2425,251,1007,2062,13821,14211,31777,5878,5969,14496,Day_4,Experiment_3,IR,Fair,180,Og. Pol
2025-10-24T20:24:08.740Z,47,878,2432,246,1009,2074,13943,14336,32032,5877,5981,14543,Day_4,Experiment_3,IR,Fair,180,Og. Pol
2025-10-24T20:24:08.777Z,48,872,2435,246,1013,2078,14236,14593,32628,5885,5999,14650,Day_4,Experiment_3,IR,Fair,180,Og. Pol
2025-10-24T20:24:08.817Z,46,870,2427,249,1013,2072,14502,14816,33132,5893,6012,14738,Day_4,Experiment_3,IR,Fair,180,Og. Pol
2025-10-24T20:24:08.857Z,34,879,2412,248,1014,2063,14658,14963,33318,5899,6026,14763,Day_4,Experiment_3,IR,Fair,180,Og. Pol
2025-10-24T20:24:08.897Z,18,897,2401,242,1019,2059,14734,15063,33315,5900,6044,14750,Day_4,Experiment_3,IR,Fair,180,Og. Pol
2025-10-24T20:24:08.937Z,12,918,2399,236,1028,2059,14847,15176,33392,5904,6058,14745,Day_4,Experiment_3,IR,Fair,180,Og. Pol
2025-10-24T20:24:08.977Z,20,940,2407,237,1040,2063,15045,15318,33606,5918,6068,14762,Day_4,Experiment_3,IR,Fair,180,Og. Pol
2025-10-24T20:24:09.017Z,35,951,2413,248,1046,2068,15222,15433,33805,5935,6074,14789,Day_4,Experiment_3,IR,Fair,180,Og. Pol
2025-10-24T20:24:09.057Z,41,942,2407,257,1042,2069,15284,15492,33906,5941,6076,14812,Day_4,Experiment_3,IR,Fair,180,Og. Pol
2025-10-24T20:24:09.097Z,35,914,2391,256,1028,2064,15236,15484,33913,5938,6074,14821,Day_4,Experiment_3,IR,Fair,180,Og. Pol
2025-10-24T20:24:09.138Z,34,888,2371,251,1014,2053,15063,15339,33721,5939,6061,14795,Day_4,Experiment_3,IR,Fair,180,Og. Pol
2025-10-24T20:24:09.178Z,43,880,2363,247,1004,2039,14683,14969,33132,5941,6034,14705,Day_4,Experiment_3,IR,Fair,180,Og. Pol
2025-10-24T20:24:09.218Z,51,886,2373,245,1000,2032,14133,14442,32219,5933,5999,14566,Day_4,Experiment_3,IR,Fair,180,Og. Pol
2025-10-24T20:24:09.258Z,52,891,2393,244,998,2034,13721,14061,31524,5919,5976,14462,Day_4,Experiment_3,IR,Fair,180,Og. Pol
2025-10-24T20:24:09.298Z,51,889,2412,249,997,2046,13708,14055,31499,5915,5978,14461,Day_4,Experiment_3,IR,Fair,180,Og. Pol
2025-10-24T20:24:09.338Z,48,886,2428,255,999,2062,13994,14323,31961,5924,6001,14536,Day_4,Experiment_3,IR,Fair,180,Og. Pol
2025-10-24T20:24:09.378Z,42,886,2441,256,1003,2074,14308,14623,32459,5933,6023,14621,Day_4,Experiment_3,IR,Fair,180,Og. Pol
2025-10-24T20:24:09.418Z,36,888,2450,254,1008,2079,14474,14787,32742,5933,6031,14674,Day_4,Experiment_3,IR,Fair,180,Og. Pol
2025-10-24T20:24:09.458Z,35,888,2449,251,1012,2077,14524,14818,32869,5928,6023,14697,Day_4,Experiment_3,IR,Fair,180,Og. Pol
2025-10-24T20:24:09.498Z,32,878,2436,244,1009,2073,14628,14875,33060,5931,6017,14720,Day_4,Experiment_3,IR,Fair,180,Og. Pol
2025-10-24T20:24:09.538Z,23,861,2424,235,1002,2073,14863,15063,33390,5943,6030,14759,Day_4,Experiment_3,IR,Fair,180,Og. Pol
2025-10-24T20:24:09.578Z,16,854,2423,232,1000,2077,15128,15309,33708,5956,6056,14796,Day_4,Experiment_3,IR,Fair,180,Og. Pol
2025-10-24T20:24:09.618Z,18,862,2422,235,1004,2077,15296,15471,33885,5963,6074,14814,Day_4,Experiment_3,IR,Fair,180,Og. Pol
2025-10-24T20:24:09.658Z,22,873,2411,239,1009,2069,15336,15501,33906,5965,6073,14812,Day_4,Experiment_3,IR,Fair,180,Og. Pol
2025-10-24T20:24:09.698Z,21,881,2396,239,1010,2061,15242,15408,33738,5959,6059,14783,Day_4,Experiment_3,IR,Fair,180,Og. Pol
2025-10-24T20:24:09.738Z,18,892,2389,235,1007,2052,14929,15149,33262,5940,6037,14705,Day_4,Experiment_3,IR,Fair,180,Og. Pol
2025-10-24T20:24:09.778Z,17,906,2392,232,1005,2043,14397,14698,32493,5910,6007,14584,Day_4,Experiment_3,IR,Fair,180,Og. Pol
2025-10-24T20:24:09.818Z,20,909,2406,234,1005,2040,13912,14238,31804,5886,5979,14481,Day_4,Experiment_3,IR,Fair,180,Og. Pol
2025-10-24T20:24:09.858Z,24,893,2426,238,1004,2049,13773,14031,31623,5881,5963,14463,Day_4,Experiment_3,IR,Fair,180,Og. Pol
2025-10-24T20:24:09.898Z,27,874,2442,242,1004,2061,13967,14148,31945,5893,5968,14527,Day_4,Experiment_3,IR,Fair,180,Og. Pol
2025-10-24T20:24:09.938Z,32,879,2443,245,1012,2067,14274,14454,32446,5914,5991,14617,Day_4,Experiment_3,IR,Fair,180,Og. Pol
2025-10-24T20:24:09.978Z,43,907,2429,250,1025,2067,14505,14733,32831,5929,6017,14681,Day_4,Experiment_3,IR,Fair,180,Og. Pol
2025-10-24T20:24:10.018Z,48,929,2413,253,1034,2066,14601,14872,33007,5933,6032,14704,Day_4,Experiment_3,IR,Fair,180,Og. Pol
2025-10-24T20:24:10.058Z,44,924,2408,251,1033,2067,14646,14935,33103,5931,6039,14713,Day_4,Experiment_3,IR,Fair,180,Og. Pol
2025-10-24T20:24:10.098Z,41,906,2411,251,1028,2069,14769,15029,33316,5934,6042,14741,Day_4,Experiment_3,IR,Fair,180,Og. Pol
2025-10-24T20:24:10.138Z,53,899,2417,259,1029,2074,14978,15181,33649,5943,6047,14790,Day_4,Experiment_3,IR,Fair,180,Og. Pol
2025-10-24T20:24:10.178Z,75,905,2429,273,1032,2080,15161,15364,33934,5950,6061,14834,Day_4,Experiment_3,IR,Fair,180,Og. Pol
2025-10-24T20:24:10.218Z,89,912,2437,280,1034,2080,15251,15555,34074,5948,6086,14853,Day_4,Experiment_3,IR,Fair,180,Og. Pol
2025-10-24T20:24:10.258Z,91,916,2425,279,1036,2072,15249,15642,34053,5938,6099,14843,Day_4,Experiment_3,IR,Fair,180,Og. Pol
2025-10-24T20:24:10.298Z,90,918,2408,272,1036,2064,15094,15478,33769,5926,6080,14790,Day_4,Experiment_3,IR,Fair,180,Og. Pol
2025-10-24T20:24:10.338Z,87,918,2409,264,1028,2061,14683,15047,33069,5911,6044,14676,Day_4,Experiment_3,IR,Fair,180,Og. Pol
2025-10-24T20:24:10.378Z,83,923,2422,260,1021,2058,14113,14525,32116,5894,6014,14533,Day_4,Experiment_3,IR,Fair,180,Og. Pol
2025-10-24T20:24:10.418Z,84,938,2429,264,1024,2055,13754,14213,31491,5887,6000,14446,Day_4,Experiment_3,IR,Fair,180,Og. Pol
2025-10-24T20:24:10.458Z,90,949,2430,272,1033,2056,13813,14262,31562,5889,6002,14465,Day_4,Experiment_3,IR,Fair,180,Og. Pol
2025-10-24T20:24:10.498Z,92,939,2433,276,1035,2063,14112,14519,32098,5896,6018,14554,Day_4,Experiment_3,IR,Fair,180,Og. Pol
2025-10-24T20:24:10.538Z,84,910,2436,276,1026,2070,14405,14767,32648,5910,6040,14642,Day_4,Experiment_3,IR,Fair,180,Og. Pol
2025-10-24T20:24:10.578Z,76,882,2430,278,1009,2070,14582,14912,32948,5925,6055,14687,Day_4,Experiment_3,IR,Fair,180,Og. Pol
2025-10-24T20:24:10.618Z,78,878,2414,280,990,2066,14654,14984,33040,5931,6059,14695,Day_4,Experiment_3,IR,Fair,180,Og. Pol
2025-10-24T20:24:10.658Z,82,905,2402,280,978,2064,14739,15077,33184,5926,6054,14711,Day_4,Experiment_3,IR,Fair,180,Og. Pol
2025-10-24T20:24:10.698Z,77,928,2408,274,978,2069,14891,15215,33501,5920,6047,14761,Day_4,Experiment_3,IR,Fair,180,Og. Pol
2025-10-24T20:24:10.738Z,66,924,2419,266,990,2074,15036,15322,33825,5916,6041,14817,Day_4,Experiment_3,IR,Fair,180,Og. Pol
2025-10-24T20:24:10.778Z,58,906,2417,263,1005,2072,15131,15380,34013,5919,6041,14850,Day_4,Experiment_3,IR,Fair,180,Og. Pol
2025-10-24T20:24:10.818Z,58,891,2408,264,1015,2067,15172,15405,34052,5930,6048,14855,Day_4,Experiment_3,IR,Fair,180,Og. Pol
2025-10-24T20:24:10.858Z,59,884,2404,264,1018,2065,15077,15331,33864,5937,6056,14825,Day_4,Experiment_3,IR,Fair,180,Og. Pol
2025-10-24T20:24:10.898Z,52,890,2403,260,1017,2060,14731,15044,33285,5928,6049,14738,Day_4,Experiment_3,IR,Fair,180,Og. Pol
2025-10-24T20:24:10.938Z,43,906,2401,252,1015,2047,14177,14551,32359,5906,6012,14597,Day_4,Experiment_3,IR,Fair,180,Og. Pol
