ts,user_id,device_id,source,x,y,z,time_s
2026-03-13 16:59:18.853000+00:00,0,0,0,-3627,1242,-1543,0.0
2026-03-13 16:59:18.891000+00:00,0,0,0,-3636,1245,-1561,0.038
2026-03-13 16:59:18.930000+00:00,0,0,0,-3633,1237,-1562,0.077
2026-03-13 16:59:18.969000+00:00,0,0,0,-3629,1234,-1551,0.116
2026-03-13 16:59:19.008000+00:00,0,0,0,-3633,1236,-1542,0.155
2026-03-13 16:59:19.046000+00:00,0,0,0,-3636,1245,-1548,0.193
2026-03-13 16:59:19.085000+00:00,0,0,0,-3631,1246,-1551,0.232
2026-03-13 16:59:19.124000+00:00,0,0,0,-3640,1245,-1552,0.271
2026-03-13 16:59:19.162000+00:00,0,0,0,-3633,1232,-1540,0.309
2026-03-13 16:59:19.201000+00:00,0,0,0,-3630,1232,-1538,0.348
2026-03-13 16:59:19.240000+00:00,0,0,0,-3633,1242,-1555,0.387
2026-03-13 16:59:19.278000+00:00,0,0,0,-3631,1251,-1570,0.425
2026-03-13 16:59:19.317000+00:00,0,0,0,-3636,1245,-1558,0.464
2026-03-13 16:59:19.356000+00:00,0,0,0,-3637,1245,-1537,0.503
2026-03-13 16:59:19.394000+00:00,0,0,0,-3635,1241,-1526,0.541
2026-03-13 16:59:19.433000+00:00,0,0,0,-3637,1236,-1545,0.58
2026-03-13 16:59:19.472000+00:00,0,0,0,-3632,1221,-1561,0.619
2026-03-13 16:59:19.511000+00:00,0,0,0,-3631,1234,-1567,0.658
2026-03-13 16:59:19.549000+00:00,0,0,0,-3637,1236,-1551,0.696
2026-03-13 16:59:19.592000+00:00,0,0,0,-3631,1239,-1532,0.739
2026-03-13 16:59:19.627000+00:00,0,0,0,-3642,1251,-1543,0.774
2026-03-13 16:59:19.665000+00:00,0,0,0,-3627,1247,-1552,0.812
2026-03-13 16:59:19.704000+00:00,0,0,0,-3633,1255,-1557,0.851
2026-03-13 16:59:19.743000+00:00,0,0,0,-3630,1239,-1551,0.89
2026-03-13 16:59:19.782000+00:00,0,0,0,-3633,1239,-1544,0.929
2026-03-13 16:59:19.820000+00:00,0,0,0,-3636,1237,-1548,0.967
2026-03-13 16:59:19.859000+00:00,0,0,0,-3636,1235,-1551,1.006
2026-03-13 16:59:19.898000+00:00,0,0,0,-3637,1237,-1549,1.045
2026-03-13 16:59:19.936000+00:00,0,0,0,-3641,1243,-1543,1.083
2026-03-13 16:59:19.975000+00:00,0,0,0,-3634,1243,-1544,1.122
2026-03-13 16:59:20.014000+00:00,0,0,0,-3629,1238,-1547,1.161
2026-03-13 16:59:20.052000+00:00,0,0,0,-3632,1239,-1555,1.199
2026-03-13 16:59:20.091000+00:00,0,0,0,-3631,1243,-1563,1.238
2026-03-13 16:59:20.130000+00:00,0,0,0,-3636,1234,-1554,1.277
2026-03-13 16:59:20.168000+00:00,0,0,0,-3641,1236,-1547,1.315
2026-03-13 16:59:20.207000+00:00,0,0,0,-3636,1240,-1535,1.354
2026-03-13 16:59:20.246000+00:00,0,0,0,-3639,1246,-1544,1.393
2026-03-13 16:59:20.284000+00:00,0,0,0,-3628,1245,-1552,1.431
2026-03-13 16:59:20.323000+00:00,0,0,0,-3623,1249,-1555,1.47
2026-03-13 16:59:20.362000+00:00,0,0,0,-3635,1263,-1555,1.509
2026-03-13 16:59:20.401000+00:00,0,0,0,-3635,1259,-1538,1.548
2026-03-13 16:59:20.439000+00:00,0,0,0,-3634,1256,-1543,1.586
2026-03-13 16:59:20.478000+00:00,0,0,0,-3630,1241,-1552,1.625
2026-03-13 16:59:20.517000+00:00,0,0,0,-3632,1240,-1563,1.664
2026-03-13 16:59:20.555000+00:00,0,0,0,-3630,1235,-1557,1.702
2026-03-13 16:59:20.594000+00:00,0,0,0,-3631,1244,-1551,1.741
2026-03-13 16:59:20.633000+00:00,0,0,0,-3634,1250,-1550,1.78
2026-03-13 16:59:20.677000+00:00,0,0,0,-3629,1256,-1549,1.824
2026-03-13 16:59:20.710000+00:00,0,0,0,-3633,1253,-1546,1.857
2026-03-13 16:59:20.749000+00:00,0,0,0,-3630,1251,-1546,1.896
2026-03-13 16:59:20.787000+00:00,0,0,0,-3631,1242,-1553,1.934
2026-03-13 16:59:20.826000+00:00,0,0,0,-3638,1241,-1557,1.973
2026-03-13 16:59:20.865000+00:00,0,0,0,-3630,1252,-1546,2.012
2026-03-13 16:59:20.904000+00:00,0,0,0,-3622,1252,-1542,2.051
2026-03-13 16:59:20.942000+00:00,0,0,0,-3625,1259,-1562,2.089
2026-03-13 16:59:20.981000+00:00,0,0,0,-3631,1279,-1567,2.128
2026-03-13 16:59:21.020000+00:00,0,0,0,-3630,1260,-1549,2.167
2026-03-13 16:59:21.058000+00:00,0,0,0,-3638,1258,-1540,2.205
2026-03-13 16:59:21.097000+00:00,0,0,0,-3631,1249,-1537,2.244
2026-03-13 16:59:21.136000+00:00,0,0,0,-3626,1240,-1555,2.283
2026-03-13 16:59:21.174000+00:00,0,0,0,-3629,1238,-1571,2.321
2026-03-13 16:59:21.213000+00:00,0,0,0,-3628,1254,-1557,2.36
2026-03-13 16:59:21.252000+00:00,0,0,0,-3636,1268,-1535,2.399
2026-03-13 16:59:21.290000+00:00,0,0,0,-3634,1256,-1540,2.437
2026-03-13 16:59:21.329000+00:00,0,0,0,-3636,1250,-1558,2.476
2026-03-13 16:59:21.368000+00:00,0,0,0,-3623,1236,-1564,2.515
2026-03-13 16:59:21.407000+00:00,0,0,0,-3626,1235,-1561,2.554
2026-03-13 16:59:21.445000+00:00,0,0,0,-3638,1238,-1549,2.592
2026-03-13 16:59:21.484000+00:00,0,0,0,-3630,1245,-1550,2.631
2026-03-13 16:59:21.523000+00:00,0,0,0,-3633,1250,-1553,2.67
2026-03-13 16:59:21.561000+00:00,0,0,0,-3635,1246,-1551,2.708
2026-03-13 16:59:21.600000+00:00,0,0,0,-3638,1247,-1547,2.747
2026-03-13 16:59:21.639000+00:00,0,0,0,-3633,1251,-1542,2.786
2026-03-13 16:59:21.677000+00:00,0,0,0,-3627,1248,-1550,2.824
2026-03-13 16:59:21.716000+00:00,0,0,0,-3631,1242,-1566,2.863
2026-03-13 16:59:21.755000+00:00,0,0,0,-3632,1246,-1567,2.902
2026-03-13 16:59:21.794000+00:00,0,0,0,-3637,1233,-1550,2.941
2026-03-13 16:59:21.832000+00:00,0,0,0,-3638,1231,-1539,2.979
2026-03-13 16:59:21.871000+00:00,0,0,0,-3642,1229,-1546,3.018
2026-03-13 16:59:21.910000+00:00,0,0,0,-3632,1228,-1553,3.057
2026-03-13 16:59:21.948000+00:00,0,0,0,-3630,1231,-1559,3.095
2026-03-13 16:59:21.987000+00:00,0,0,0,-3631,1240,-1558,3.134
2026-03-13 16:59:22.026000+00:00,0,0,0,-3632,1256,-1553,3.173
2026-03-13 16:59:22.064000+00:00,0,0,0,-3639,1253,-1539,3.211
2026-03-13 16:59:22.117000+00:00,0,0,0,-3639,1252,-1542,3.264
2026-03-13 16:59:22.142000+00:00,0,0,0,-3633,1235,-1555,3.289
2026-03-13 16:59:22.180000+00:00,0,0,0,-3625,1230,-1561,3.327
2026-03-13 16:59:22.219000+00:00,0,0,0,-3637,1223,-1556,3.366
2026-03-13 16:59:22.258000+00:00,0,0,0,-3630,1234,-1552,3.405
2026-03-13 16:59:22.297000+00:00,0,0,0,-3634,1242,-1552,3.444
2026-03-13 16:59:22.335000+00:00,0,0,0,-3638,1250,-1541,3.482
2026-03-13 16:59:22.374000+00:00,0,0,0,-3629,1253,-1538,3.521
2026-03-13 16:59:22.413000+00:00,0,0,0,-3638,1255,-1554,3.56
2026-03-13 16:59:22.451000+00:00,0,0,0,-3629,1242,-1553,3.598
2026-03-13 16:59:22.490000+00:00,0,0,0,-3629,1233,-1549,3.637
2026-03-13 16:59:22.529000+00:00,0,0,0,-3635,1237,-1550,3.676
2026-03-13 16:59:22.567000+00:00,0,0,0,-3629,1241,-1563,3.714
2026-03-13 16:59:22.606000+00:00,0,0,0,-3636,1238,-1560,3.753
2026-03-13 16:59:22.645000+00:00,0,0,0,-3636,1244,-1550,3.792
2026-03-13 16:59:22.683000+00:00,0,0,0,-3636,1243,-1531,3.83
2026-03-13 16:59:22.722000+00:00,0,0,0,-3640,1237,-1533,3.869
2026-03-13 16:59:22.761000+00:00,0,0,0,-3639,1224,-1555,3.908
2026-03-13 16:59:22.800000+00:00,0,0,0,-3627,1220,-1574,3.947
2026-03-13 16:59:22.838000+00:00,0,0,0,-3626,1238,-1571,3.985
2026-03-13 16:59:22.877000+00:00,0,0,0,-3625,1266,-1554,4.024
2026-03-13 16:59:22.916000+00:00,0,0,0,-3631,1295,-1534,4.063
2026-03-13 16:59:22.954000+00:00,0,0,0,-3663,1266,-1530,4.101
2026-03-13 16:59:22.993000+00:00,0,0,0,-3637,1215,-1538,4.14
2026-03-13 16:59:23.032000+00:00,0,0,0,-3625,1179,-1546,4.179
2026-03-13 16:59:23.070000+00:00,0,0,0,-3618,1205,-1579,4.217
2026-03-13 16:59:23.109000+00:00,0,0,0,-3617,1250,-1583,4.256
2026-03-13 16:59:23.148000+00:00,0,0,0,-3638,1286,-1566,4.295
2026-03-13 16:59:23.193000+00:00,0,0,0,-3626,1271,-1535,4.34
2026-03-13 16:59:23.225000+00:00,0,0,0,-3649,1249,-1526,4.372
2026-03-13 16:59:23.264000+00:00,0,0,0,-3640,1233,-1537,4.411
2026-03-13 16:59:23.303000+00:00,0,0,0,-3632,1230,-1535,4.45
2026-03-13 16:59:23.341000+00:00,0,0,0,-3635,1244,-1543,4.488
2026-03-13 16:59:23.380000+00:00,0,0,0,-3617,1241,-1561,4.527
2026-03-13 16:59:23.419000+00:00,0,0,0,-3630,1242,-1583,4.566
2026-03-13 16:59:23.457000+00:00,0,0,0,-3637,1232,-1564,4.604
2026-03-13 16:59:23.496000+00:00,0,0,0,-3629,1222,-1541,4.643
2026-03-13 16:59:23.535000+00:00,0,0,0,-3628,1237,-1540,4.682
2026-03-13 16:59:23.573000+00:00,0,0,0,-3629,1268,-1560,4.72
2026-03-13 16:59:23.612000+00:00,0,0,0,-3625,1271,-1556,4.759
2026-03-13 16:59:23.651000+00:00,0,0,0,-3628,1286,-1545,4.798
2026-03-13 16:59:23.690000+00:00,0,0,0,-3628,1271,-1539,4.837
2026-03-13 16:59:23.728000+00:00,0,0,0,-3627,1248,-1553,4.875
2026-03-13 16:59:23.767000+00:00,0,0,0,-3631,1219,-1572,4.914
2026-03-13 16:59:23.806000+00:00,0,0,0,-3624,1209,-1583,4.953
2026-03-13 16:59:23.844000+00:00,0,0,0,-3626,1218,-1564,4.991
2026-03-13 16:59:23.883000+00:00,0,0,0,-3630,1245,-1552,5.03
2026-03-13 16:59:23.922000+00:00,0,0,0,-3631,1270,-1552,5.069
2026-03-13 16:59:23.960000+00:00,0,0,0,-3624,1269,-1554,5.107
2026-03-13 16:59:23.999000+00:00,0,0,0,-3618,1283,-1562,5.146
2026-03-13 16:59:24.038000+00:00,0,0,0,-3633,1271,-1578,5.185
2026-03-13 16:59:24.076000+00:00,0,0,0,-3619,1253,-1581,5.223
2026-03-13 16:59:24.115000+00:00,0,0,0,-3628,1239,-1537,5.262
2026-03-13 16:59:24.154000+00:00,0,0,0,-3632,1233,-1513,5.301
2026-03-13 16:59:24.193000+00:00,0,0,0,-3630,1240,-1535,5.34
2026-03-13 16:59:24.231000+00:00,0,0,0,-3630,1249,-1581,5.378
2026-03-13 16:59:24.278000+00:00,0,0,0,-3621,1241,-1594,5.425
2026-03-13 16:59:24.309000+00:00,0,0,0,-3623,1240,-1580,5.456
2026-03-13 16:59:24.347000+00:00,0,0,0,-3630,1246,-1545,5.494
2026-03-13 16:59:24.386000+00:00,0,0,0,-3631,1253,-1545,5.533
2026-03-13 16:59:24.425000+00:00,0,0,0,-3619,1258,-1563,5.572
2026-03-13 16:59:24.463000+00:00,0,0,0,-3626,1259,-1579,5.61
2026-03-13 16:59:24.502000+00:00,0,0,0,-3622,1252,-1562,5.649
2026-03-13 16:59:24.541000+00:00,0,0,0,-3626,1241,-1558,5.688
2026-03-13 16:59:24.579000+00:00,0,0,0,-3629,1241,-1560,5.726
2026-03-13 16:59:24.618000+00:00,0,0,0,-3632,1240,-1554,5.765
2026-03-13 16:59:24.657000+00:00,0,0,0,-3627,1243,-1555,5.804
2026-03-13 16:59:24.695000+00:00,0,0,0,-3628,1246,-1565,5.842
2026-03-13 16:59:24.734000+00:00,0,0,0,-3622,1253,-1569,5.881
2026-03-13 16:59:24.773000+00:00,0,0,0,-3631,1260,-1559,5.92
2026-03-13 16:59:24.812000+00:00,0,0,0,-3631,1250,-1549,5.959
2026-03-13 16:59:24.850000+00:00,0,0,0,-3633,1237,-1561,5.997
2026-03-13 16:59:24.889000+00:00,0,0,0,-3621,1230,-1568,6.036
2026-03-13 16:59:24.928000+00:00,0,0,0,-3627,1238,-1571,6.075
2026-03-13 16:59:24.966000+00:00,0,0,0,-3628,1246,-1554,6.113
2026-03-13 16:59:25.005000+00:00,0,0,0,-3631,1252,-1555,6.152
2026-03-13 16:59:25.044000+00:00,0,0,0,-3630,1250,-1552,6.191
2026-03-13 16:59:25.082000+00:00,0,0,0,-3631,1253,-1551,6.229
2026-03-13 16:59:25.121000+00:00,0,0,0,-3632,1256,-1556,6.268
2026-03-13 16:59:25.160000+00:00,0,0,0,-3622,1243,-1568,6.307
2026-03-13 16:59:25.198000+00:00,0,0,0,-3633,1219,-1581,6.345
2026-03-13 16:59:25.237000+00:00,0,0,0,-3627,1217,-1566,6.384
2026-03-13 16:59:25.276000+00:00,0,0,0,-3637,1226,-1554,6.423
2026-03-13 16:59:25.315000+00:00,0,0,0,-3634,1230,-1550,6.462
2026-03-13 16:59:25.354000+00:00,0,0,0,-3624,1239,-1558,6.501
2026-03-13 16:59:25.392000+00:00,0,0,0,-3628,1253,-1570,6.539
2026-03-13 16:59:25.431000+00:00,0,0,0,-3626,1257,-1574,6.578
2026-03-13 16:59:25.469000+00:00,0,0,0,-3630,1247,-1560,6.616
2026-03-13 16:59:25.508000+00:00,0,0,0,-3636,1246,-1552,6.655
2026-03-13 16:59:25.547000+00:00,0,0,0,-3636,1234,-1545,6.694
2026-03-13 16:59:25.585000+00:00,0,0,0,-3633,1224,-1556,6.732
2026-03-13 16:59:25.624000+00:00,0,0,0,-3626,1214,-1564,6.771
2026-03-13 16:59:25.663000+00:00,0,0,0,-3630,1236,-1574,6.81
2026-03-13 16:59:25.701000+00:00,0,0,0,-3631,1249,-1560,6.848
2026-03-13 16:59:25.740000+00:00,0,0,0,-3625,1260,-1541,6.887
2026-03-13 16:59:25.779000+00:00,0,0,0,-3631,1259,-1545,6.926
2026-03-13 16:59:25.818000+00:00,0,0,0,-3630,1243,-1562,6.965
2026-03-13 16:59:25.856000+00:00,0,0,0,-3629,1239,-1575,7.003
2026-03-13 16:59:25.895000+00:00,0,0,0,-3625,1226,-1565,7.042
2026-03-13 16:59:25.934000+00:00,0,0,0,-3624,1228,-1548,7.081
2026-03-13 16:59:25.972000+00:00,0,0,0,-3637,1246,-1551,7.119
2026-03-13 16:59:26.011000+00:00,0,0,0,-3627,1258,-1555,7.158
2026-03-13 16:59:26.050000+00:00,0,0,0,-3630,1259,-1549,7.197
2026-03-13 16:59:26.088000+00:00,0,0,0,-3630,1251,-1557,7.235
2026-03-13 16:59:26.127000+00:00,0,0,0,-3624,1230,-1568,7.274
2026-03-13 16:59:26.166000+00:00,0,0,0,-3628,1230,-1563,7.313
2026-03-13 16:59:26.204000+00:00,0,0,0,-3628,1239,-1559,7.351
2026-03-13 16:59:26.243000+00:00,0,0,0,-3633,1249,-1553,7.39
2026-03-13 16:59:26.282000+00:00,0,0,0,-3631,1256,-1553,7.429
2026-03-13 16:59:26.321000+00:00,0,0,0,-3624,1245,-1547,7.468
2026-03-13 16:59:26.359000+00:00,0,0,0,-3628,1243,-1558,7.506
2026-03-13 16:59:26.398000+00:00,0,0,0,-3618,1252,-1567,7.545
2026-03-13 16:59:26.438000+00:00,0,0,0,-3634,1251,-1560,7.585
2026-03-13 16:59:26.475000+00:00,0,0,0,-3629,1254,-1558,7.622
2026-03-13 16:59:26.514000+00:00,0,0,0,-3637,1243,-1554,7.661
2026-03-13 16:59:26.553000+00:00,0,0,0,-3631,1217,-1554,7.7
2026-03-13 16:59:26.591000+00:00,0,0,0,-3620,1232,-1559,7.738
2026-03-13 16:59:26.630000+00:00,0,0,0,-3623,1260,-1564,7.777
2026-03-13 16:59:26.669000+00:00,0,0,0,-3617,1294,-1563,7.816
2026-03-13 16:59:26.708000+00:00,0,0,0,-3628,1291,-1544,7.855
2026-03-13 16:59:26.746000+00:00,0,0,0,-3624,1276,-1546,7.893
2026-03-13 16:59:26.794000+00:00,0,0,0,-3627,1249,-1561,7.941
2026-03-13 16:59:26.824000+00:00,0,0,0,-3626,1237,-1568,7.971
2026-03-13 16:59:26.862000+00:00,0,0,0,-3627,1214,-1568,8.009
2026-03-13 16:59:26.901000+00:00,0,0,0,-3625,1220,-1566,8.048
2026-03-13 16:59:26.940000+00:00,0,0,0,-3627,1223,-1563,8.087
2026-03-13 16:59:26.978000+00:00,0,0,0,-3616,1255,-1559,8.125
2026-03-13 16:59:27.017000+00:00,0,0,0,-3635,1281,-1543,8.164
2026-03-13 16:59:27.056000+00:00,0,0,0,-3631,1279,-1535,8.203
2026-03-13 16:59:27.094000+00:00,0,0,0,-3617,1261,-1567,8.241
2026-03-13 16:59:27.133000+00:00,0,0,0,-3613,1254,-1576,8.28
2026-03-13 16:59:27.172000+00:00,0,0,0,-3606,1272,-1570,8.319
2026-03-13 16:59:27.211000+00:00,0,0,0,-3629,1293,-1571,8.358
2026-03-13 16:59:27.249000+00:00,0,0,0,-3619,1305,-1553,8.396
2026-03-13 16:59:27.288000+00:00,0,0,0,-3616,1289,-1529,8.435
2026-03-13 16:59:27.327000+00:00,0,0,0,-3629,1269,-1545,8.474
2026-03-13 16:59:27.365000+00:00,0,0,0,-3620,1250,-1581,8.512
2026-03-13 16:59:27.404000+00:00,0,0,0,-3615,1227,-1599,8.551
2026-03-13 16:59:27.443000+00:00,0,0,0,-3614,1239,-1590,8.59
2026-03-13 16:59:27.481000+00:00,0,0,0,-3616,1263,-1561,8.628
2026-03-13 16:59:27.520000+00:00,0,0,0,-3624,1288,-1539,8.667
2026-03-13 16:59:27.559000+00:00,0,0,0,-3617,1288,-1538,8.706
2026-03-13 16:59:27.597000+00:00,0,0,0,-3622,1268,-1558,8.744
2026-03-13 16:59:27.636000+00:00,0,0,0,-3600,1268,-1585,8.783
2026-03-13 16:59:27.675000+00:00,0,0,0,-3618,1269,-1591,8.822
2026-03-13 16:59:27.714000+00:00,0,0,0,-3617,1288,-1579,8.861
2026-03-13 16:59:27.752000+00:00,0,0,0,-3613,1298,-1563,8.899
2026-03-13 16:59:27.791000+00:00,0,0,0,-3617,1301,-1559,8.938
2026-03-13 16:59:27.830000+00:00,0,0,0,-3620,1278,-1552,8.977
2026-03-13 16:59:27.878000+00:00,0,0,0,-3618,1256,-1558,9.025
2026-03-13 16:59:27.907000+00:00,0,0,0,-3609,1238,-1573,9.054
2026-03-13 16:59:27.946000+00:00,0,0,0,-3608,1260,-1582,9.093
2026-03-13 16:59:27.984000+00:00,0,0,0,-3609,1297,-1587,9.131
2026-03-13 16:59:28.023000+00:00,0,0,0,-3610,1302,-1575,9.17
2026-03-13 16:59:28.062000+00:00,0,0,0,-3624,1293,-1558,9.209
2026-03-13 16:59:28.100000+00:00,0,0,0,-3618,1272,-1560,9.247
2026-03-13 16:59:28.139000+00:00,0,0,0,-3612,1255,-1571,9.286
2026-03-13 16:59:28.178000+00:00,0,0,0,-3619,1254,-1568,9.325
2026-03-13 16:59:28.217000+00:00,0,0,0,-3617,1261,-1571,9.364
2026-03-13 16:59:28.255000+00:00,0,0,0,-3614,1268,-1574,9.402
2026-03-13 16:59:28.294000+00:00,0,0,0,-3616,1283,-1576,9.441
2026-03-13 16:59:28.333000+00:00,0,0,0,-3618,1275,-1573,9.48
2026-03-13 16:59:28.371000+00:00,0,0,0,-3610,1260,-1571,9.518
2026-03-13 16:59:28.410000+00:00,0,0,0,-3620,1267,-1590,9.557
2026-03-13 16:59:28.449000+00:00,0,0,0,-3611,1265,-1569,9.596
2026-03-13 16:59:28.487000+00:00,0,0,0,-3614,1263,-1526,9.634
2026-03-13 16:59:28.526000+00:00,0,0,0,-3625,1268,-1519,9.673
2026-03-13 16:59:28.565000+00:00,0,0,0,-3626,1283,-1580,9.712
2026-03-13 16:59:28.604000+00:00,0,0,0,-3614,1260,-1596,9.751
2026-03-13 16:59:28.642000+00:00,0,0,0,-3608,1277,-1580,9.789
2026-03-13 16:59:28.681000+00:00,0,0,0,-3620,1305,-1552,9.828
2026-03-13 16:59:28.720000+00:00,0,0,0,-3623,1281,-1544,9.867
2026-03-13 16:59:28.758000+00:00,0,0,0,-3618,1257,-1565,9.905
2026-03-13 16:59:28.797000+00:00,0,0,0,-3612,1253,-1564,9.944
2026-03-13 16:59:28.836000+00:00,0,0,0,-3621,1277,-1545,9.983
2026-03-13 16:59:28.874000+00:00,0,0,0,-3621,1286,-1539,10.021
2026-03-13 16:59:28.913000+00:00,0,0,0,-3603,1271,-1545,10.06
2026-03-13 16:59:28.957000+00:00,0,0,0,-3611,1265,-1572,10.104
2026-03-13 16:59:28.990000+00:00,0,0,0,-3618,1283,-1599,10.137
2026-03-13 16:59:29.029000+00:00,0,0,0,-3607,1283,-1604,10.176
2026-03-13 16:59:29.068000+00:00,0,0,0,-3612,1267,-1542,10.215
2026-03-13 16:59:29.107000+00:00,0,0,0,-3612,1241,-1520,10.254
2026-03-13 16:59:29.145000+00:00,0,0,0,-3602,1169,-1571,10.292
2026-03-13 16:59:29.184000+00:00,0,0,0,-3581,1301,-1566,10.331
2026-03-13 16:59:29.223000+00:00,0,0,0,-3557,1369,-1636,10.37
2026-03-13 16:59:29.261000+00:00,0,0,0,-3539,1413,-1739,10.408
2026-03-13 16:59:29.300000+00:00,0,0,0,-3574,1452,-1776,10.447
2026-03-13 16:59:29.339000+00:00,0,0,0,-3523,1400,-1691,10.486
2026-03-13 16:59:29.377000+00:00,0,0,0,-3589,1336,-1595,10.524
2026-03-13 16:59:29.416000+00:00,0,0,0,-3530,1350,-1518,10.563
2026-03-13 16:59:29.455000+00:00,0,0,0,-3590,1192,-1683,10.602
2026-03-13 16:59:29.493000+00:00,0,0,0,-3540,1248,-1738,10.64
2026-03-13 16:59:29.533000+00:00,0,0,0,-3558,1233,-1706,10.68
2026-03-13 16:59:29.571000+00:00,0,0,0,-3602,1316,-1650,10.718
2026-03-13 16:59:29.610000+00:00,0,0,0,-3553,1366,-1579,10.757
2026-03-13 16:59:29.648000+00:00,0,0,0,-3567,1431,-1546,10.795
2026-03-13 16:59:29.687000+00:00,0,0,0,-3559,1413,-1555,10.834
2026-03-13 16:59:29.726000+00:00,0,0,0,-3508,1419,-1637,10.873
2026-03-13 16:59:29.764000+00:00,0,0,0,-3567,1382,-1684,10.911
2026-03-13 16:59:29.803000+00:00,0,0,0,-3572,1317,-1699,10.95
2026-03-13 16:59:29.842000+00:00,0,0,0,-3583,1266,-1615,10.989
2026-03-13 16:59:29.880000+00:00,0,0,0,-3592,1289,-1594,11.027
2026-03-13 16:59:29.919000+00:00,0,0,0,-3529,1317,-1578,11.066
2026-03-13 16:59:29.958000+00:00,0,0,0,-3526,1415,-1613,11.105
2026-03-13 16:59:29.996000+00:00,0,0,0,-3548,1488,-1638,11.143
2026-03-13 16:59:30.039000+00:00,0,0,0,-3535,1503,-1643,11.186
2026-03-13 16:59:30.074000+00:00,0,0,0,-3586,1400,-1599,11.221
2026-03-13 16:59:30.112000+00:00,0,0,0,-3562,1314,-1612,11.259
2026-03-13 16:59:30.151000+00:00,0,0,0,-3562,1306,-1610,11.298
2026-03-13 16:59:30.190000+00:00,0,0,0,-3568,1364,-1627,11.337
2026-03-13 16:59:30.229000+00:00,0,0,0,-3530,1419,-1611,11.376
2026-03-13 16:59:30.267000+00:00,0,0,0,-3549,1416,-1592,11.414
2026-03-13 16:59:30.306000+00:00,0,0,0,-3558,1380,-1620,11.453
2026-03-13 16:59:30.345000+00:00,0,0,0,-3546,1346,-1645,11.492
2026-03-13 16:59:30.385000+00:00,0,0,0,-3568,1359,-1641,11.532
2026-03-13 16:59:30.422000+00:00,0,0,0,-3568,1384,-1589,11.569
2026-03-13 16:59:30.461000+00:00,0,0,0,-3561,1398,-1560,11.608
2026-03-13 16:59:30.499000+00:00,0,0,0,-3539,1389,-1558,11.646
2026-03-13 16:59:30.538000+00:00,0,0,0,-3551,1414,-1595,11.685
2026-03-13 16:59:30.577000+00:00,0,0,0,-3547,1414,-1655,11.724
2026-03-13 16:59:30.616000+00:00,0,0,0,-3540,1409,-1665,11.763
2026-03-13 16:59:30.654000+00:00,0,0,0,-3581,1369,-1616,11.801
2026-03-13 16:59:30.693000+00:00,0,0,0,-3558,1349,-1584,11.84
2026-03-13 16:59:30.732000+00:00,0,0,0,-3551,1353,-1583,11.879
2026-03-13 16:59:30.770000+00:00,0,0,0,-3556,1386,-1628,11.917
2026-03-13 16:59:30.809000+00:00,0,0,0,-3542,1410,-1625,11.956
2026-03-13 16:59:30.848000+00:00,0,0,0,-3554,1419,-1613,11.995
2026-03-13 16:59:30.886000+00:00,0,0,0,-3569,1407,-1570,12.033
2026-03-13 16:59:30.925000+00:00,0,0,0,-3558,1377,-1562,12.072
2026-03-13 16:59:30.964000+00:00,0,0,0,-3554,1356,-1604,12.111
2026-03-13 16:59:31.003000+00:00,0,0,0,-3555,1338,-1647,12.15
2026-03-13 16:59:31.041000+00:00,0,0,0,-3534,1366,-1678,12.188
2026-03-13 16:59:31.080000+00:00,0,0,0,-3549,1413,-1624,12.227
2026-03-13 16:59:31.119000+00:00,0,0,0,-3554,1442,-1580,12.266
2026-03-13 16:59:31.157000+00:00,0,0,0,-3558,1420,-1562,12.304
2026-03-13 16:59:31.196000+00:00,0,0,0,-3570,1393,-1585,12.343
2026-03-13 16:59:31.235000+00:00,0,0,0,-3586,1366,-1598,12.382
2026-03-13 16:59:31.273000+00:00,0,0,0,-3563,1339,-1584,12.42
2026-03-13 16:59:31.312000+00:00,0,0,0,-3540,1332,-1614,12.459
2026-03-13 16:59:31.351000+00:00,0,0,0,-3529,1345,-1649,12.498
2026-03-13 16:59:31.389000+00:00,0,0,0,-3543,1418,-1678,12.536
2026-03-13 16:59:31.428000+00:00,0,0,0,-3535,1470,-1618,12.575
2026-03-13 16:59:31.475000+00:00,0,0,0,-3573,1472,-1559,12.622
2026-03-13 16:59:31.505000+00:00,0,0,0,-3557,1429,-1541,12.652
2026-03-13 16:59:31.544000+00:00,0,0,0,-3566,1373,-1586,12.691
2026-03-13 16:59:31.583000+00:00,0,0,0,-3565,1324,-1651,12.73
2026-03-13 16:59:31.622000+00:00,0,0,0,-3552,1304,-1649,12.769
2026-03-13 16:59:31.660000+00:00,0,0,0,-3551,1333,-1616,12.807
2026-03-13 16:59:31.699000+00:00,0,0,0,-3566,1379,-1589,12.846
2026-03-13 16:59:31.738000+00:00,0,0,0,-3555,1416,-1600,12.885
2026-03-13 16:59:31.776000+00:00,0,0,0,-3556,1418,-1619,12.923
2026-03-13 16:59:31.815000+00:00,0,0,0,-3545,1415,-1630,12.962
2026-03-13 16:59:31.854000+00:00,0,0,0,-3560,1392,-1622,13.001
2026-03-13 16:59:31.892000+00:00,0,0,0,-3553,1355,-1592,13.039
2026-03-13 16:59:31.931000+00:00,0,0,0,-3551,1369,-1591,13.078
2026-03-13 16:59:31.970000+00:00,0,0,0,-3585,1365,-1583,13.117
2026-03-13 16:59:32.008000+00:00,0,0,0,-3553,1362,-1606,13.155
2026-03-13 16:59:32.047000+00:00,0,0,0,-3550,1372,-1621,13.194
2026-03-13 16:59:32.086000+00:00,0,0,0,-3562,1384,-1651,13.233
2026-03-13 16:59:32.125000+00:00,0,0,0,-3565,1387,-1605,13.272
2026-03-13 16:59:32.163000+00:00,0,0,0,-3550,1357,-1570,13.31
2026-03-13 16:59:32.202000+00:00,0,0,0,-3529,1408,-1612,13.349
2026-03-13 16:59:32.241000+00:00,0,0,0,-3567,1451,-1624,13.388
2026-03-13 16:59:32.279000+00:00,0,0,0,-3564,1438,-1609,13.426
2026-03-13 16:59:32.318000+00:00,0,0,0,-3556,1360,-1573,13.465
2026-03-13 16:59:32.357000+00:00,0,0,0,-3581,1305,-1588,13.504
2026-03-13 16:59:32.395000+00:00,0,0,0,-3558,1296,-1636,13.542
2026-03-13 16:59:32.434000+00:00,0,0,0,-3543,1344,-1665,13.581
2026-03-13 16:59:32.473000+00:00,0,0,0,-3531,1410,-1644,13.62
2026-03-13 16:59:32.511000+00:00,0,0,0,-3576,1442,-1557,13.658
2026-03-13 16:59:32.558000+00:00,0,0,0,-3583,1445,-1517,13.705
2026-03-13 16:59:32.589000+00:00,0,0,0,-3511,1443,-1573,13.736
2026-03-13 16:59:32.628000+00:00,0,0,0,-3546,1450,-1682,13.775
2026-03-13 16:59:32.666000+00:00,0,0,0,-3568,1401,-1690,13.813
2026-03-13 16:59:32.705000+00:00,0,0,0,-3558,1335,-1596,13.852
2026-03-13 16:59:32.744000+00:00,0,0,0,-3588,1318,-1508,13.891
2026-03-13 16:59:32.782000+00:00,0,0,0,-3563,1313,-1523,13.929
2026-03-13 16:59:32.821000+00:00,0,0,0,-3532,1349,-1669,13.968
2026-03-13 16:59:32.860000+00:00,0,0,0,-3532,1409,-1737,14.007
2026-03-13 16:59:32.898000+00:00,0,0,0,-3567,1436,-1672,14.045
2026-03-13 16:59:32.937000+00:00,0,0,0,-3559,1419,-1553,14.084
2026-03-13 16:59:32.976000+00:00,0,0,0,-3569,1395,-1477,14.123
2026-03-13 16:59:33.014000+00:00,0,0,0,-3565,1365,-1552,14.161
2026-03-13 16:59:33.053000+00:00,0,0,0,-3537,1377,-1669,14.2
2026-03-13 16:59:33.092000+00:00,0,0,0,-3568,1391,-1691,14.239
2026-03-13 16:59:33.131000+00:00,0,0,0,-3558,1363,-1647,14.278
2026-03-13 16:59:33.169000+00:00,0,0,0,-3536,1348,-1570,14.316
2026-03-13 16:59:33.208000+00:00,0,0,0,-3575,1375,-1561,14.355
2026-03-13 16:59:33.247000+00:00,0,0,0,-3552,1420,-1591,14.394
2026-03-13 16:59:33.285000+00:00,0,0,0,-3545,1425,-1623,14.432
2026-03-13 16:59:33.324000+00:00,0,0,0,-3564,1397,-1619,14.471
2026-03-13 16:59:33.363000+00:00,0,0,0,-3547,1367,-1602,14.51
2026-03-13 16:59:33.401000+00:00,0,0,0,-3547,1362,-1620,14.548
2026-03-13 16:59:33.440000+00:00,0,0,0,-3557,1380,-1623,14.587
2026-03-13 16:59:33.479000+00:00,0,0,0,-3546,1427,-1607,14.626
2026-03-13 16:59:33.517000+00:00,0,0,0,-3561,1408,-1579,14.664
2026-03-13 16:59:33.556000+00:00,0,0,0,-3554,1395,-1579,14.703
2026-03-13 16:59:33.595000+00:00,0,0,0,-3552,1401,-1602,14.742
2026-03-13 16:59:33.640000+00:00,0,0,0,-3573,1406,-1629,14.787
2026-03-13 16:59:33.673000+00:00,0,0,0,-3558,1362,-1603,14.82
2026-03-13 16:59:33.711000+00:00,0,0,0,-3548,1334,-1601,14.858
2026-03-13 16:59:33.750000+00:00,0,0,0,-3547,1351,-1620,14.897
2026-03-13 16:59:33.788000+00:00,0,0,0,-3567,1407,-1618,14.935
2026-03-13 16:59:33.827000+00:00,0,0,0,-3551,1423,-1611,14.974
2026-03-13 16:59:33.866000+00:00,0,0,0,-3559,1437,-1565,15.013
2026-03-13 16:59:33.904000+00:00,0,0,0,-3555,1417,-1558,15.051
2026-03-13 16:59:33.943000+00:00,0,0,0,-3554,1388,-1599,15.09
2026-03-13 16:59:33.982000+00:00,0,0,0,-3554,1373,-1657,15.129
2026-03-13 16:59:34.020000+00:00,0,0,0,-3557,1335,-1664,15.167
2026-03-13 16:59:34.059000+00:00,0,0,0,-3546,1339,-1640,15.206
2026-03-13 16:59:34.098000+00:00,0,0,0,-3557,1345,-1593,15.245
2026-03-13 16:59:34.137000+00:00,0,0,0,-3568,1373,-1590,15.284
2026-03-13 16:59:34.175000+00:00,0,0,0,-3561,1386,-1590,15.322
2026-03-13 16:59:34.214000+00:00,0,0,0,-3552,1402,-1620,15.361
2026-03-13 16:59:34.253000+00:00,0,0,0,-3551,1379,-1635,15.4
2026-03-13 16:59:34.291000+00:00,0,0,0,-3543,1378,-1639,15.438
2026-03-13 16:59:34.330000+00:00,0,0,0,-3559,1362,-1609,15.477
2026-03-13 16:59:34.369000+00:00,0,0,0,-3549,1387,-1599,15.516
2026-03-13 16:59:34.407000+00:00,0,0,0,-3557,1418,-1586,15.554
2026-03-13 16:59:34.446000+00:00,0,0,0,-3561,1434,-1589,15.593
2026-03-13 16:59:34.485000+00:00,0,0,0,-3550,1410,-1599,15.632
2026-03-13 16:59:34.523000+00:00,0,0,0,-3544,1381,-1630,15.67
2026-03-13 16:59:34.562000+00:00,0,0,0,-3550,1351,-1645,15.709
2026-03-13 16:59:34.601000+00:00,0,0,0,-3558,1346,-1628,15.748
2026-03-13 16:59:34.640000+00:00,0,0,0,-3553,1369,-1606,15.787
2026-03-13 16:59:34.678000+00:00,0,0,0,-3553,1386,-1587,15.825
2026-03-13 16:59:34.720000+00:00,0,0,0,-3547,1405,-1614,15.867
2026-03-13 16:59:34.756000+00:00,0,0,0,-3560,1400,-1619,15.903
2026-03-13 16:59:34.794000+00:00,0,0,0,-3550,1396,-1629,15.941
2026-03-13 16:59:34.833000+00:00,0,0,0,-3569,1384,-1598,15.98
2026-03-13 16:59:34.872000+00:00,0,0,0,-3541,1391,-1611,16.019
2026-03-13 16:59:34.910000+00:00,0,0,0,-3563,1395,-1617,16.057
2026-03-13 16:59:34.949000+00:00,0,0,0,-3561,1356,-1611,16.096
2026-03-13 16:59:34.988000+00:00,0,0,0,-3532,1370,-1623,16.135
2026-03-13 16:59:35.026000+00:00,0,0,0,-3580,1403,-1588,16.173
2026-03-13 16:59:35.066000+00:00,0,0,0,-3568,1394,-1596,16.213
2026-03-13 16:59:35.104000+00:00,0,0,0,-3494,1391,-1655,16.251
2026-03-13 16:59:35.143000+00:00,0,0,0,-3564,1400,-1649,16.29
2026-03-13 16:59:35.181000+00:00,0,0,0,-3582,1356,-1635,16.328
2026-03-13 16:59:35.220000+00:00,0,0,0,-3527,1329,-1627,16.367
2026-03-13 16:59:35.259000+00:00,0,0,0,-3589,1332,-1604,16.406
2026-03-13 16:59:35.297000+00:00,0,0,0,-3559,1351,-1609,16.444
2026-03-13 16:59:35.336000+00:00,0,0,0,-3538,1344,-1630,16.483
2026-03-13 16:59:35.375000+00:00,0,0,0,-3551,1341,-1659,16.522
2026-03-13 16:59:35.413000+00:00,0,0,0,-3538,1354,-1676,16.56
2026-03-13 16:59:35.452000+00:00,0,0,0,-3578,1346,-1652,16.599
2026-03-13 16:59:35.491000+00:00,0,0,0,-3548,1334,-1622,16.638
2026-03-13 16:59:35.529000+00:00,0,0,0,-3543,1372,-1615,16.676
2026-03-13 16:59:35.568000+00:00,0,0,0,-3559,1394,-1633,16.715
2026-03-13 16:59:35.607000+00:00,0,0,0,-3574,1369,-1634,16.754
2026-03-13 16:59:35.646000+00:00,0,0,0,-3555,1326,-1632,16.793
2026-03-13 16:59:35.684000+00:00,0,0,0,-3565,1289,-1631,16.831
2026-03-13 16:59:35.723000+00:00,0,0,0,-3549,1311,-1665,16.87
2026-03-13 16:59:35.762000+00:00,0,0,0,-3521,1327,-1679,16.909
2026-03-13 16:59:35.800000+00:00,0,0,0,-3584,1350,-1649,16.947
2026-03-13 16:59:35.839000+00:00,0,0,0,-3596,1366,-1586,16.986
2026-03-13 16:59:35.878000+00:00,0,0,0,-3541,1330,-1593,17.025
2026-03-13 16:59:35.916000+00:00,0,0,0,-3550,1334,-1686,17.063
2026-03-13 16:59:35.955000+00:00,0,0,0,-3555,1313,-1716,17.102
2026-03-13 16:59:35.994000+00:00,0,0,0,-3556,1322,-1681,17.141
2026-03-13 16:59:36.032000+00:00,0,0,0,-3551,1330,-1592,17.179
2026-03-13 16:59:36.071000+00:00,0,0,0,-3559,1384,-1580,17.218
2026-03-13 16:59:36.110000+00:00,0,0,0,-3560,1384,-1625,17.257
2026-03-13 16:59:36.160000+00:00,0,0,0,-3552,1398,-1681,17.307
2026-03-13 16:59:36.187000+00:00,0,0,0,-3560,1357,-1667,17.334
2026-03-13 16:59:36.226000+00:00,0,0,0,-3557,1313,-1650,17.373
2026-03-13 16:59:36.265000+00:00,0,0,0,-3551,1273,-1620,17.412
2026-03-13 16:59:36.303000+00:00,0,0,0,-3554,1293,-1638,17.45
2026-03-13 16:59:36.342000+00:00,0,0,0,-3548,1345,-1661,17.489
2026-03-13 16:59:36.381000+00:00,0,0,0,-3583,1389,-1640,17.528
2026-03-13 16:59:36.419000+00:00,0,0,0,-3567,1361,-1616,17.566
2026-03-13 16:59:36.458000+00:00,0,0,0,-3528,1337,-1639,17.605
2026-03-13 16:59:36.497000+00:00,0,0,0,-3566,1323,-1668,17.644
2026-03-13 16:59:36.536000+00:00,0,0,0,-3539,1322,-1693,17.683
2026-03-13 16:59:36.574000+00:00,0,0,0,-3552,1329,-1648,17.721
2026-03-13 16:59:36.613000+00:00,0,0,0,-3562,1339,-1621,17.76
2026-03-13 16:59:36.652000+00:00,0,0,0,-3565,1344,-1615,17.799
2026-03-13 16:59:36.690000+00:00,0,0,0,-3572,1343,-1645,17.837
2026-03-13 16:59:36.729000+00:00,0,0,0,-3565,1342,-1653,17.876
2026-03-13 16:59:36.768000+00:00,0,0,0,-3547,1333,-1647,17.915
2026-03-13 16:59:36.806000+00:00,0,0,0,-3565,1329,-1634,17.953
2026-03-13 16:59:36.845000+00:00,0,0,0,-3564,1311,-1628,17.992
2026-03-13 16:59:36.884000+00:00,0,0,0,-3553,1307,-1661,18.031
2026-03-13 16:59:36.922000+00:00,0,0,0,-3551,1320,-1682,18.069
2026-03-13 16:59:36.961000+00:00,0,0,0,-3559,1343,-1669,18.108
2026-03-13 16:59:37.039000+00:00,0,0,0,-3557,1351,-1611,18.186
2026-03-13 16:59:37.077000+00:00,0,0,0,-3552,1368,-1632,18.224
2026-03-13 16:59:37.116000+00:00,0,0,0,-3562,1359,-1643,18.263
2026-03-13 16:59:37.155000+00:00,0,0,0,-3563,1345,-1641,18.302
2026-03-13 16:59:37.193000+00:00,0,0,0,-3563,1317,-1625,18.34
2026-03-13 16:59:37.241000+00:00,0,0,0,-3549,1296,-1646,18.388
2026-03-13 16:59:37.271000+00:00,0,0,0,-3554,1297,-1679,18.418
2026-03-13 16:59:37.309000+00:00,0,0,0,-3551,1306,-1685,18.456
2026-03-13 16:59:37.348000+00:00,0,0,0,-3568,1330,-1650,18.495
2026-03-13 16:59:37.387000+00:00,0,0,0,-3572,1357,-1607,18.534
2026-03-13 16:59:37.426000+00:00,0,0,0,-3554,1363,-1601,18.573
2026-03-13 16:59:37.464000+00:00,0,0,0,-3566,1347,-1626,18.611
2026-03-13 16:59:37.503000+00:00,0,0,0,-3550,1329,-1648,18.65
2026-03-13 16:59:37.542000+00:00,0,0,0,-3541,1348,-1678,18.689
2026-03-13 16:59:37.580000+00:00,0,0,0,-3537,1384,-1685,18.727
2026-03-13 16:59:37.619000+00:00,0,0,0,-3570,1391,-1639,18.766
2026-03-13 16:59:37.658000+00:00,0,0,0,-3568,1344,-1585,18.805
2026-03-13 16:59:37.696000+00:00,0,0,0,-3565,1282,-1584,18.843
2026-03-13 16:59:37.735000+00:00,0,0,0,-3565,1284,-1644,18.882
2026-03-13 16:59:37.774000+00:00,0,0,0,-3530,1349,-1710,18.921
2026-03-13 16:59:37.813000+00:00,0,0,0,-3542,1395,-1702,18.96
2026-03-13 16:59:37.851000+00:00,0,0,0,-3570,1390,-1617,18.998
2026-03-13 16:59:37.890000+00:00,0,0,0,-3562,1364,-1566,19.037
2026-03-13 16:59:37.929000+00:00,0,0,0,-3562,1355,-1612,19.076
2026-03-13 16:59:37.967000+00:00,0,0,0,-3553,1330,-1674,19.114
2026-03-13 16:59:38.006000+00:00,0,0,0,-3555,1282,-1695,19.153
2026-03-13 16:59:38.045000+00:00,0,0,0,-3552,1260,-1686,19.192
2026-03-13 16:59:38.083000+00:00,0,0,0,-3554,1283,-1645,19.23
2026-03-13 16:59:38.122000+00:00,0,0,0,-3562,1312,-1639,19.269
2026-03-13 16:59:38.161000+00:00,0,0,0,-3569,1351,-1637,19.308
2026-03-13 16:59:38.199000+00:00,0,0,0,-3573,1361,-1606,19.346
2026-03-13 16:59:38.238000+00:00,0,0,0,-3543,1368,-1634,19.385
2026-03-13 16:59:38.277000+00:00,0,0,0,-3533,1375,-1660,19.424
2026-03-13 16:59:38.317000+00:00,0,0,0,-3548,1380,-1694,19.464
2026-03-13 16:59:38.354000+00:00,0,0,0,-3571,1348,-1646,19.501
2026-03-13 16:59:38.393000+00:00,0,0,0,-3559,1301,-1611,19.54
2026-03-13 16:59:38.432000+00:00,0,0,0,-3541,1307,-1636,19.579
2026-03-13 16:59:38.470000+00:00,0,0,0,-3577,1333,-1664,19.617
2026-03-13 16:59:38.509000+00:00,0,0,0,-3548,1338,-1664,19.656
2026-03-13 16:59:38.548000+00:00,0,0,0,-3537,1343,-1640,19.695
2026-03-13 16:59:38.586000+00:00,0,0,0,-3554,1372,-1645,19.733
2026-03-13 16:59:38.625000+00:00,0,0,0,-3554,1377,-1646,19.772
2026-03-13 16:59:38.664000+00:00,0,0,0,-3556,1354,-1634,19.811
2026-03-13 16:59:38.702000+00:00,0,0,0,-3550,1334,-1633,19.849
2026-03-13 16:59:38.741000+00:00,0,0,0,-3551,1327,-1652,19.888
2026-03-13 16:59:38.780000+00:00,0,0,0,-3568,1321,-1666,19.927
2026-03-13 16:59:38.818000+00:00,0,0,0,-3553,1334,-1636,19.965
2026-03-13 16:59:38.857000+00:00,0,0,0,-3543,1345,-1644,20.004
2026-03-13 16:59:38.896000+00:00,0,0,0,-3538,1355,-1679,20.043
2026-03-13 16:59:38.935000+00:00,0,0,0,-3541,1346,-1673,20.082
2026-03-13 16:59:38.973000+00:00,0,0,0,-3565,1365,-1649,20.12
2026-03-13 16:59:39.012000+00:00,0,0,0,-3572,1363,-1617,20.159
2026-03-13 16:59:39.051000+00:00,0,0,0,-3562,1297,-1621,20.198
2026-03-13 16:59:39.089000+00:00,0,0,0,-3522,1275,-1653,20.236
2026-03-13 16:59:39.128000+00:00,0,0,0,-3544,1353,-1691,20.275
2026-03-13 16:59:39.167000+00:00,0,0,0,-3561,1420,-1658,20.314
2026-03-13 16:59:39.205000+00:00,0,0,0,-3565,1405,-1596,20.352
2026-03-13 16:59:39.244000+00:00,0,0,0,-3538,1364,-1584,20.391
2026-03-13 16:59:39.283000+00:00,0,0,0,-3557,1362,-1638,20.43
2026-03-13 16:59:39.321000+00:00,0,0,0,-3560,1356,-1693,20.468
2026-03-13 16:59:39.360000+00:00,0,0,0,-3516,1344,-1703,20.507
2026-03-13 16:59:39.399000+00:00,0,0,0,-3556,1348,-1640,20.546
2026-03-13 16:59:39.438000+00:00,0,0,0,-3560,1369,-1609,20.585
2026-03-13 16:59:39.476000+00:00,0,0,0,-3532,1383,-1608,20.623
2026-03-13 16:59:39.515000+00:00,0,0,0,-3604,1322,-1628,20.662
2026-03-13 16:59:39.554000+00:00,0,0,0,-3518,1364,-1639,20.701
2026-03-13 16:59:39.592000+00:00,0,0,0,-3540,1417,-1652,20.739
2026-03-13 16:59:39.631000+00:00,0,0,0,-3554,1418,-1662,20.778
2026-03-13 16:59:39.670000+00:00,0,0,0,-3548,1328,-1634,20.817
2026-03-13 16:59:39.708000+00:00,0,0,0,-3571,1257,-1627,20.855
2026-03-13 16:59:39.761000+00:00,0,0,0,-3544,1278,-1653,20.908
2026-03-13 16:59:39.786000+00:00,0,0,0,-3558,1359,-1681,20.933
2026-03-13 16:59:39.824000+00:00,0,0,0,-3560,1377,-1661,20.971
2026-03-13 16:59:39.863000+00:00,0,0,0,-3534,1408,-1594,21.01
2026-03-13 16:59:39.902000+00:00,0,0,0,-3577,1380,-1588,21.049
2026-03-13 16:59:39.941000+00:00,0,0,0,-3562,1313,-1630,21.088
2026-03-13 16:59:39.979000+00:00,0,0,0,-3514,1303,-1712,21.126
2026-03-13 16:59:40.018000+00:00,0,0,0,-3554,1346,-1734,21.165
2026-03-13 16:59:40.057000+00:00,0,0,0,-3567,1370,-1630,21.204
2026-03-13 16:59:40.095000+00:00,0,0,0,-3550,1377,-1543,21.242
2026-03-13 16:59:40.134000+00:00,0,0,0,-3580,1353,-1552,21.281
2026-03-13 16:59:40.173000+00:00,0,0,0,-3538,1335,-1663,21.32
2026-03-13 16:59:40.211000+00:00,0,0,0,-3543,1344,-1748,21.358
2026-03-13 16:59:40.250000+00:00,0,0,0,-3534,1356,-1708,21.397
2026-03-13 16:59:40.289000+00:00,0,0,0,-3556,1364,-1604,21.436
2026-03-13 16:59:40.327000+00:00,0,0,0,-3570,1347,-1547,21.474
2026-03-13 16:59:40.366000+00:00,0,0,0,-3536,1374,-1614,21.513
2026-03-13 16:59:40.405000+00:00,0,0,0,-3560,1380,-1680,21.552
2026-03-13 16:59:40.444000+00:00,0,0,0,-3561,1361,-1697,21.591
2026-03-13 16:59:40.483000+00:00,0,0,0,-3538,1322,-1655,21.63
2026-03-13 16:59:40.521000+00:00,0,0,0,-3547,1332,-1625,21.668
2026-03-13 16:59:40.560000+00:00,0,0,0,-3556,1327,-1637,21.707
2026-03-13 16:59:40.598000+00:00,0,0,0,-3562,1343,-1664,21.745
2026-03-13 16:59:40.637000+00:00,0,0,0,-3557,1342,-1663,21.784
2026-03-13 16:59:40.676000+00:00,0,0,0,-3557,1332,-1631,21.823
2026-03-13 16:59:40.714000+00:00,0,0,0,-3548,1327,-1624,21.861
2026-03-13 16:59:40.753000+00:00,0,0,0,-3549,1333,-1644,21.9
2026-03-13 16:59:40.792000+00:00,0,0,0,-3561,1360,-1660,21.939
2026-03-13 16:59:40.837000+00:00,0,0,0,-3552,1362,-1657,21.984
2026-03-13 16:59:40.869000+00:00,0,0,0,-3560,1354,-1639,22.016
2026-03-13 16:59:40.908000+00:00,0,0,0,-3557,1315,-1639,22.055
2026-03-13 16:59:40.947000+00:00,0,0,0,-3552,1304,-1662,22.094
2026-03-13 16:59:40.985000+00:00,0,0,0,-3553,1312,-1654,22.132
2026-03-13 16:59:41.024000+00:00,0,0,0,-3561,1326,-1644,22.171
2026-03-13 16:59:41.063000+00:00,0,0,0,-3554,1347,-1630,22.21
2026-03-13 16:59:41.102000+00:00,0,0,0,-3565,1358,-1633,22.249
2026-03-13 16:59:41.140000+00:00,0,0,0,-3553,1349,-1646,22.287
2026-03-13 16:59:41.179000+00:00,0,0,0,-3557,1333,-1650,22.326
2026-03-13 16:59:41.218000+00:00,0,0,0,-3550,1331,-1664,22.365
2026-03-13 16:59:41.256000+00:00,0,0,0,-3552,1328,-1657,22.403
2026-03-13 16:59:41.295000+00:00,0,0,0,-3561,1325,-1647,22.442
2026-03-13 16:59:41.334000+00:00,0,0,0,-3559,1349,-1638,22.481
2026-03-13 16:59:41.372000+00:00,0,0,0,-3561,1346,-1631,22.519
2026-03-13 16:59:41.411000+00:00,0,0,0,-3553,1349,-1644,22.558
2026-03-13 16:59:41.450000+00:00,0,0,0,-3561,1338,-1648,22.597
2026-03-13 16:59:41.489000+00:00,0,0,0,-3554,1324,-1664,22.636
2026-03-13 16:59:41.527000+00:00,0,0,0,-3557,1315,-1661,22.674
2026-03-13 16:59:41.566000+00:00,0,0,0,-3559,1314,-1642,22.713
2026-03-13 16:59:41.605000+00:00,0,0,0,-3560,1321,-1640,22.752
2026-03-13 16:59:41.643000+00:00,0,0,0,-3556,1336,-1644,22.79
2026-03-13 16:59:41.682000+00:00,0,0,0,-3558,1352,-1656,22.829
2026-03-13 16:59:41.721000+00:00,0,0,0,-3553,1339,-1653,22.868
2026-03-13 16:59:41.759000+00:00,0,0,0,-3550,1340,-1649,22.906
2026-03-13 16:59:41.798000+00:00,0,0,0,-3558,1339,-1644,22.945
2026-03-13 16:59:41.837000+00:00,0,0,0,-3554,1333,-1648,22.984
2026-03-13 16:59:41.875000+00:00,0,0,0,-3556,1337,-1657,23.022
2026-03-13 16:59:41.920000+00:00,0,0,0,-3556,1328,-1654,23.067
2026-03-13 16:59:41.953000+00:00,0,0,0,-3550,1335,-1653,23.1
2026-03-13 16:59:41.992000+00:00,0,0,0,-3556,1338,-1648,23.139
2026-03-13 16:59:42.030000+00:00,0,0,0,-3551,1330,-1649,23.177
2026-03-13 16:59:42.069000+00:00,0,0,0,-3557,1341,-1651,23.216
2026-03-13 16:59:42.108000+00:00,0,0,0,-3546,1352,-1650,23.255
2026-03-13 16:59:42.146000+00:00,0,0,0,-3553,1350,-1643,23.293
2026-03-13 16:59:42.185000+00:00,0,0,0,-3548,1346,-1653,23.332
2026-03-13 16:59:42.224000+00:00,0,0,0,-3558,1343,-1653,23.371
2026-03-13 16:59:42.262000+00:00,0,0,0,-3557,1334,-1665,23.409
2026-03-13 16:59:42.301000+00:00,0,0,0,-3560,1333,-1660,23.448
2026-03-13 16:59:42.340000+00:00,0,0,0,-3546,1319,-1647,23.487
2026-03-13 16:59:42.378000+00:00,0,0,0,-3551,1307,-1660,23.525
2026-03-13 16:59:42.417000+00:00,0,0,0,-3553,1313,-1673,23.564
2026-03-13 16:59:42.456000+00:00,0,0,0,-3548,1336,-1685,23.603
2026-03-13 16:59:42.495000+00:00,0,0,0,-3550,1341,-1663,23.642
2026-03-13 16:59:42.533000+00:00,0,0,0,-3557,1339,-1645,23.68
2026-03-13 16:59:42.572000+00:00,0,0,0,-3555,1332,-1646,23.719
2026-03-13 16:59:42.611000+00:00,0,0,0,-3550,1326,-1664,23.758
2026-03-13 16:59:42.649000+00:00,0,0,0,-3559,1316,-1675,23.796
2026-03-13 16:59:42.688000+00:00,0,0,0,-3553,1313,-1665,23.835
2026-03-13 16:59:42.727000+00:00,0,0,0,-3552,1324,-1662,23.874
2026-03-13 16:59:42.765000+00:00,0,0,0,-3552,1333,-1659,23.912
2026-03-13 16:59:42.804000+00:00,0,0,0,-3558,1337,-1659,23.951
2026-03-13 16:59:42.843000+00:00,0,0,0,-3554,1339,-1656,23.99
2026-03-13 16:59:42.882000+00:00,0,0,0,-3553,1330,-1659,24.029
2026-03-13 16:59:42.920000+00:00,0,0,0,-3558,1311,-1663,24.067
2026-03-13 16:59:42.959000+00:00,0,0,0,-3549,1289,-1675,24.106
2026-03-13 16:59:43.002000+00:00,0,0,0,-3551,1280,-1693,24.149
2026-03-13 16:59:43.036000+00:00,0,0,0,-3546,1285,-1688,24.183
2026-03-13 16:59:43.075000+00:00,0,0,0,-3564,1294,-1663,24.222
2026-03-13 16:59:43.114000+00:00,0,0,0,-3568,1325,-1639,24.261
2026-03-13 16:59:43.152000+00:00,0,0,0,-3569,1361,-1628,24.299
2026-03-13 16:59:43.191000+00:00,0,0,0,-3564,1357,-1629,24.338
2026-03-13 16:59:43.230000+00:00,0,0,0,-3560,1326,-1647,24.377
2026-03-13 16:59:43.268000+00:00,0,0,0,-3557,1290,-1664,24.415
2026-03-13 16:59:43.307000+00:00,0,0,0,-3561,1289,-1688,24.454
2026-03-13 16:59:43.346000+00:00,0,0,0,-3563,1271,-1677,24.493
2026-03-13 16:59:43.384000+00:00,0,0,0,-3562,1273,-1669,24.531
2026-03-13 16:59:43.423000+00:00,0,0,0,-3566,1271,-1653,24.57
2026-03-13 16:59:43.462000+00:00,0,0,0,-3560,1291,-1672,24.609
2026-03-13 16:59:43.501000+00:00,0,0,0,-3561,1309,-1677,24.648
2026-03-13 16:59:43.539000+00:00,0,0,0,-3565,1323,-1660,24.686
2026-03-13 16:59:43.578000+00:00,0,0,0,-3556,1318,-1644,24.725
2026-03-13 16:59:43.617000+00:00,0,0,0,-3558,1312,-1656,24.764
2026-03-13 16:59:43.655000+00:00,0,0,0,-3568,1297,-1672,24.802
2026-03-13 16:59:43.694000+00:00,0,0,0,-3559,1290,-1678,24.841
2026-03-13 16:59:43.733000+00:00,0,0,0,-3559,1278,-1664,24.88
2026-03-13 16:59:43.771000+00:00,0,0,0,-3570,1283,-1665,24.918
2026-03-13 16:59:43.810000+00:00,0,0,0,-3558,1291,-1659,24.957
2026-03-13 16:59:43.849000+00:00,0,0,0,-3565,1298,-1654,24.996
2026-03-13 16:59:43.887000+00:00,0,0,0,-3556,1307,-1666,25.034
2026-03-13 16:59:43.926000+00:00,0,0,0,-3558,1306,-1675,25.073
2026-03-13 16:59:43.965000+00:00,0,0,0,-3569,1293,-1678,25.112
2026-03-13 16:59:44.004000+00:00,0,0,0,-3563,1287,-1668,25.151
2026-03-13 16:59:44.042000+00:00,0,0,0,-3567,1285,-1650,25.189
2026-03-13 16:59:44.081000+00:00,0,0,0,-3561,1289,-1655,25.228
2026-03-13 16:59:44.120000+00:00,0,0,0,-3564,1289,-1667,25.267
2026-03-13 16:59:44.158000+00:00,0,0,0,-3558,1299,-1684,25.305
2026-03-13 16:59:44.197000+00:00,0,0,0,-3564,1301,-1671,25.344
2026-03-13 16:59:44.236000+00:00,0,0,0,-3562,1293,-1653,25.383
2026-03-13 16:59:44.274000+00:00,0,0,0,-3562,1301,-1652,25.421
2026-03-13 16:59:44.313000+00:00,0,0,0,-3565,1288,-1666,25.46
2026-03-13 16:59:44.352000+00:00,0,0,0,-3560,1288,-1679,25.499
2026-03-13 16:59:44.390000+00:00,0,0,0,-3561,1281,-1674,25.537
2026-03-13 16:59:44.440000+00:00,0,0,0,-3559,1285,-1670,25.587
2026-03-13 16:59:44.468000+00:00,0,0,0,-3563,1293,-1657,25.615
2026-03-13 16:59:44.506000+00:00,0,0,0,-3567,1299,-1654,25.653
2026-03-13 16:59:44.545000+00:00,0,0,0,-3567,1298,-1664,25.692
2026-03-13 16:59:44.584000+00:00,0,0,0,-3563,1288,-1671,25.731
2026-03-13 16:59:44.623000+00:00,0,0,0,-3568,1286,-1670,25.77
2026-03-13 16:59:44.661000+00:00,0,0,0,-3559,1275,-1673,25.808
2026-03-13 16:59:44.700000+00:00,0,0,0,-3568,1277,-1672,25.847
2026-03-13 16:59:44.739000+00:00,0,0,0,-3567,1284,-1664,25.886
2026-03-13 16:59:44.777000+00:00,0,0,0,-3557,1298,-1655,25.924
2026-03-13 16:59:44.816000+00:00,0,0,0,-3566,1311,-1661,25.963
2026-03-13 16:59:44.855000+00:00,0,0,0,-3564,1308,-1674,26.002
2026-03-13 16:59:44.893000+00:00,0,0,0,-3560,1285,-1682,26.04
2026-03-13 16:59:44.932000+00:00,0,0,0,-3567,1286,-1674,26.079
2026-03-13 16:59:44.971000+00:00,0,0,0,-3570,1283,-1650,26.118
2026-03-13 16:59:45.010000+00:00,0,0,0,-3561,1277,-1654,26.157
2026-03-13 16:59:45.048000+00:00,0,0,0,-3559,1278,-1666,26.195
2026-03-13 16:59:45.087000+00:00,0,0,0,-3566,1289,-1688,26.234
2026-03-13 16:59:45.126000+00:00,0,0,0,-3559,1293,-1680,26.273
2026-03-13 16:59:45.165000+00:00,0,0,0,-3566,1291,-1655,26.312
2026-03-13 16:59:45.203000+00:00,0,0,0,-3570,1295,-1657,26.35
2026-03-13 16:59:45.242000+00:00,0,0,0,-3560,1285,-1666,26.389
2026-03-13 16:59:45.281000+00:00,0,0,0,-3559,1287,-1677,26.428
2026-03-13 16:59:45.319000+00:00,0,0,0,-3557,1316,-1659,26.466
2026-03-13 16:59:45.358000+00:00,0,0,0,-3573,1311,-1659,26.505
2026-03-13 16:59:45.397000+00:00,0,0,0,-3551,1286,-1677,26.544
2026-03-13 16:59:45.435000+00:00,0,0,0,-3576,1273,-1692,26.582
2026-03-13 16:59:45.474000+00:00,0,0,0,-3559,1251,-1678,26.621
2026-03-13 16:59:45.519000+00:00,0,0,0,-3563,1249,-1665,26.666
2026-03-13 16:59:45.551000+00:00,0,0,0,-3565,1269,-1664,26.698
2026-03-13 16:59:45.590000+00:00,0,0,0,-3562,1295,-1680,26.737
2026-03-13 16:59:45.629000+00:00,0,0,0,-3563,1300,-1682,26.776
2026-03-13 16:59:45.668000+00:00,0,0,0,-3570,1298,-1661,26.815
2026-03-13 16:59:45.706000+00:00,0,0,0,-3554,1282,-1657,26.853
2026-03-13 16:59:45.745000+00:00,0,0,0,-3558,1284,-1678,26.892
2026-03-13 16:59:45.784000+00:00,0,0,0,-3567,1280,-1695,26.931
2026-03-13 16:59:45.822000+00:00,0,0,0,-3565,1276,-1683,26.969
2026-03-13 16:59:45.861000+00:00,0,0,0,-3565,1277,-1671,27.008
2026-03-13 16:59:45.900000+00:00,0,0,0,-3574,1283,-1668,27.047
2026-03-13 16:59:45.938000+00:00,0,0,0,-3562,1275,-1669,27.085
2026-03-13 16:59:45.977000+00:00,0,0,0,-3556,1272,-1673,27.124
2026-03-13 16:59:46.016000+00:00,0,0,0,-3565,1275,-1683,27.163
2026-03-13 16:59:46.054000+00:00,0,0,0,-3566,1280,-1686,27.201
2026-03-13 16:59:46.093000+00:00,0,0,0,-3565,1267,-1673,27.24
2026-03-13 16:59:46.132000+00:00,0,0,0,-3567,1264,-1668,27.279
2026-03-13 16:59:46.170000+00:00,0,0,0,-3561,1262,-1678,27.317
2026-03-13 16:59:46.209000+00:00,0,0,0,-3546,1272,-1700,27.356
2026-03-13 16:59:46.248000+00:00,0,0,0,-3564,1276,-1699,27.395
2026-03-13 16:59:46.287000+00:00,0,0,0,-3564,1282,-1680,27.434
2026-03-13 16:59:46.325000+00:00,0,0,0,-3579,1279,-1668,27.472
2026-03-13 16:59:46.364000+00:00,0,0,0,-3571,1268,-1661,27.511
2026-03-13 16:59:46.403000+00:00,0,0,0,-3580,1262,-1658,27.55
2026-03-13 16:59:46.441000+00:00,0,0,0,-3550,1280,-1695,27.588
2026-03-13 16:59:46.480000+00:00,0,0,0,-3556,1291,-1709,27.627
2026-03-13 16:59:46.519000+00:00,0,0,0,-3575,1279,-1674,27.666
2026-03-13 16:59:46.557000+00:00,0,0,0,-3555,1248,-1649,27.704
2026-03-13 16:59:46.603000+00:00,0,0,0,-3577,1235,-1660,27.75
2026-03-13 16:59:46.635000+00:00,0,0,0,-3575,1242,-1704,27.782
2026-03-13 16:59:46.673000+00:00,0,0,0,-3562,1233,-1710,27.82
2026-03-13 16:59:46.712000+00:00,0,0,0,-3574,1236,-1687,27.859
2026-03-13 16:59:46.751000+00:00,0,0,0,-3572,1261,-1665,27.898
2026-03-13 16:59:46.790000+00:00,0,0,0,-3580,1259,-1656,27.937
2026-03-13 16:59:46.828000+00:00,0,0,0,-3571,1260,-1665,27.975
2026-03-13 16:59:46.867000+00:00,0,0,0,-3567,1256,-1669,28.014
2026-03-13 16:59:46.906000+00:00,0,0,0,-3569,1254,-1701,28.053
2026-03-13 16:59:46.944000+00:00,0,0,0,-3578,1263,-1693,28.091
2026-03-13 16:59:46.983000+00:00,0,0,0,-3570,1253,-1676,28.13
2026-03-13 16:59:47.022000+00:00,0,0,0,-3569,1236,-1663,28.169
2026-03-13 16:59:47.060000+00:00,0,0,0,-3578,1228,-1659,28.207
2026-03-13 16:59:47.099000+00:00,0,0,0,-3577,1231,-1668,28.246
2026-03-13 16:59:47.138000+00:00,0,0,0,-3582,1231,-1678,28.285
2026-03-13 16:59:47.176000+00:00,0,0,0,-3576,1243,-1683,28.323
2026-03-13 16:59:47.215000+00:00,0,0,0,-3570,1246,-1682,28.362
2026-03-13 16:59:47.254000+00:00,0,0,0,-3573,1277,-1678,28.401
2026-03-13 16:59:47.293000+00:00,0,0,0,-3569,1277,-1683,28.44
2026-03-13 16:59:47.331000+00:00,0,0,0,-3569,1269,-1675,28.478
2026-03-13 16:59:47.370000+00:00,0,0,0,-3588,1242,-1654,28.517
2026-03-13 16:59:47.409000+00:00,0,0,0,-3569,1253,-1679,28.556
2026-03-13 16:59:47.447000+00:00,0,0,0,-3584,1240,-1675,28.594
2026-03-13 16:59:47.486000+00:00,0,0,0,-3574,1250,-1675,28.633
2026-03-13 16:59:47.525000+00:00,0,0,0,-3540,1274,-1691,28.672
2026-03-13 16:59:47.563000+00:00,0,0,0,-3580,1279,-1698,28.71
2026-03-13 16:59:47.602000+00:00,0,0,0,-3588,1271,-1677,28.749
2026-03-13 16:59:47.641000+00:00,0,0,0,-3567,1220,-1651,28.788
2026-03-13 16:59:47.679000+00:00,0,0,0,-3570,1180,-1672,28.826
2026-03-13 16:59:47.718000+00:00,0,0,0,-3560,1179,-1731,28.865
2026-03-13 16:59:47.757000+00:00,0,0,0,-3571,1206,-1758,28.904
2026-03-13 16:59:47.796000+00:00,0,0,0,-3569,1221,-1710,28.943
2026-03-13 16:59:47.834000+00:00,0,0,0,-3581,1246,-1653,28.981
2026-03-13 16:59:47.873000+00:00,0,0,0,-3571,1266,-1645,29.02
2026-03-13 16:59:47.912000+00:00,0,0,0,-3572,1274,-1671,29.059
2026-03-13 16:59:47.950000+00:00,0,0,0,-3568,1273,-1711,29.097
2026-03-13 16:59:47.989000+00:00,0,0,0,-3568,1249,-1717,29.136
2026-03-13 16:59:48.029000+00:00,0,0,0,-3566,1226,-1691,29.176
2026-03-13 16:59:48.066000+00:00,0,0,0,-3572,1211,-1683,29.213
2026-03-13 16:59:48.105000+00:00,0,0,0,-3572,1220,-1691,29.252
2026-03-13 16:59:48.144000+00:00,0,0,0,-3582,1232,-1688,29.291
2026-03-13 16:59:48.182000+00:00,0,0,0,-3568,1236,-1683,29.329
2026-03-13 16:59:48.221000+00:00,0,0,0,-3564,1252,-1684,29.368
2026-03-13 16:59:48.260000+00:00,0,0,0,-3572,1252,-1702,29.407
2026-03-13 16:59:48.299000+00:00,0,0,0,-3566,1244,-1705,29.446
2026-03-13 16:59:48.337000+00:00,0,0,0,-3570,1226,-1685,29.484
2026-03-13 16:59:48.376000+00:00,0,0,0,-3576,1230,-1688,29.523
2026-03-13 16:59:48.415000+00:00,0,0,0,-3574,1233,-1689,29.562
2026-03-13 16:59:48.453000+00:00,0,0,0,-3569,1231,-1687,29.6
2026-03-13 16:59:48.492000+00:00,0,0,0,-3572,1238,-1684,29.639
2026-03-13 16:59:48.531000+00:00,0,0,0,-3559,1239,-1700,29.678
2026-03-13 16:59:48.569000+00:00,0,0,0,-3575,1245,-1703,29.716
2026-03-13 16:59:48.608000+00:00,0,0,0,-3572,1238,-1694,29.755
2026-03-13 16:59:48.647000+00:00,0,0,0,-3584,1229,-1680,29.794
2026-03-13 16:59:48.685000+00:00,0,0,0,-3568,1220,-1677,29.832
2026-03-13 16:59:48.724000+00:00,0,0,0,-3564,1236,-1697,29.871
2026-03-13 16:59:48.763000+00:00,0,0,0,-3566,1253,-1707,29.91
2026-03-13 16:59:48.802000+00:00,0,0,0,-3572,1253,-1695,29.949
2026-03-13 16:59:48.840000+00:00,0,0,0,-3566,1246,-1678,29.987
2026-03-13 16:59:48.879000+00:00,0,0,0,-3583,1237,-1675,30.026
2026-03-13 16:59:48.918000+00:00,0,0,0,-3573,1225,-1688,30.065
2026-03-13 16:59:48.956000+00:00,0,0,0,-3568,1218,-1702,30.103
2026-03-13 16:59:48.995000+00:00,0,0,0,-3566,1223,-1708,30.142
2026-03-13 16:59:49.034000+00:00,0,0,0,-3569,1214,-1712,30.181
2026-03-13 16:59:49.073000+00:00,0,0,0,-3582,1211,-1700,30.22
2026-03-13 16:59:49.120000+00:00,0,0,0,-3581,1226,-1686,30.267
2026-03-13 16:59:49.150000+00:00,0,0,0,-3582,1231,-1670,30.297
2026-03-13 16:59:49.189000+00:00,0,0,0,-3572,1225,-1682,30.336
2026-03-13 16:59:49.227000+00:00,0,0,0,-3574,1225,-1702,30.374
2026-03-13 16:59:49.266000+00:00,0,0,0,-3568,1229,-1718,30.413
2026-03-13 16:59:49.305000+00:00,0,0,0,-3581,1211,-1699,30.452
2026-03-13 16:59:49.343000+00:00,0,0,0,-3577,1203,-1693,30.49
2026-03-13 16:59:49.382000+00:00,0,0,0,-3587,1191,-1685,30.529
2026-03-13 16:59:49.421000+00:00,0,0,0,-3577,1196,-1693,30.568
2026-03-13 16:59:49.460000+00:00,0,0,0,-3578,1186,-1705,30.607
2026-03-13 16:59:49.498000+00:00,0,0,0,-3576,1191,-1704,30.645
2026-03-13 16:59:49.537000+00:00,0,0,0,-3577,1203,-1700,30.684
2026-03-13 16:59:49.576000+00:00,0,0,0,-3578,1212,-1693,30.723
2026-03-13 16:59:49.614000+00:00,0,0,0,-3583,1214,-1693,30.761
2026-03-13 16:59:49.653000+00:00,0,0,0,-3579,1216,-1695,30.8
2026-03-13 16:59:49.692000+00:00,0,0,0,-3586,1209,-1694,30.839
2026-03-13 16:59:49.730000+00:00,0,0,0,-3576,1202,-1697,30.877
2026-03-13 16:59:49.769000+00:00,0,0,0,-3575,1194,-1698,30.916
2026-03-13 16:59:49.808000+00:00,0,0,0,-3573,1209,-1702,30.955
2026-03-13 16:59:49.846000+00:00,0,0,0,-3578,1215,-1705,30.993
2026-03-13 16:59:49.885000+00:00,0,0,0,-3582,1203,-1702,31.032
2026-03-13 16:59:49.924000+00:00,0,0,0,-3579,1205,-1699,31.071
2026-03-13 16:59:49.963000+00:00,0,0,0,-3594,1201,-1684,31.11
2026-03-13 16:59:50.001000+00:00,0,0,0,-3579,1187,-1688,31.148
2026-03-13 16:59:50.040000+00:00,0,0,0,-3575,1179,-1693,31.187
2026-03-13 16:59:50.079000+00:00,0,0,0,-3584,1188,-1713,31.226
2026-03-13 16:59:50.117000+00:00,0,0,0,-3574,1208,-1709,31.264
2026-03-13 16:59:50.156000+00:00,0,0,0,-3583,1204,-1690,31.303
2026-03-13 16:59:50.201000+00:00,0,0,0,-3580,1209,-1694,31.348
2026-03-13 16:59:50.233000+00:00,0,0,0,-3578,1207,-1693,31.38
2026-03-13 16:59:50.272000+00:00,0,0,0,-3587,1201,-1709,31.419
2026-03-13 16:59:50.311000+00:00,0,0,0,-3575,1186,-1704,31.458
2026-03-13 16:59:50.349000+00:00,0,0,0,-3585,1186,-1696,31.496
2026-03-13 16:59:50.388000+00:00,0,0,0,-3579,1196,-1692,31.535
2026-03-13 16:59:50.427000+00:00,0,0,0,-3583,1203,-1695,31.574
2026-03-13 16:59:50.466000+00:00,0,0,0,-3586,1195,-1703,31.613
2026-03-13 16:59:50.504000+00:00,0,0,0,-3574,1196,-1700,31.651
2026-03-13 16:59:50.543000+00:00,0,0,0,-3582,1194,-1699,31.69
2026-03-13 16:59:50.582000+00:00,0,0,0,-3585,1193,-1706,31.729
2026-03-13 16:59:50.620000+00:00,0,0,0,-3573,1189,-1704,31.767
2026-03-13 16:59:50.659000+00:00,0,0,0,-3579,1199,-1696,31.806
2026-03-13 16:59:50.698000+00:00,0,0,0,-3583,1201,-1691,31.845
2026-03-13 16:59:50.736000+00:00,0,0,0,-3576,1201,-1695,31.883
2026-03-13 16:59:50.775000+00:00,0,0,0,-3589,1206,-1703,31.922
2026-03-13 16:59:50.814000+00:00,0,0,0,-3577,1204,-1696,31.961
2026-03-13 16:59:50.852000+00:00,0,0,0,-3574,1213,-1686,31.999
2026-03-13 16:59:50.891000+00:00,0,0,0,-3570,1208,-1713,32.038
2026-03-13 16:59:50.930000+00:00,0,0,0,-3578,1219,-1707,32.077
2026-03-13 16:59:50.969000+00:00,0,0,0,-3591,1199,-1707,32.116
2026-03-13 16:59:51.007000+00:00,0,0,0,-3577,1182,-1703,32.154
2026-03-13 16:59:51.046000+00:00,0,0,0,-3594,1174,-1699,32.193
2026-03-13 16:59:51.085000+00:00,0,0,0,-3574,1165,-1705,32.232
2026-03-13 16:59:51.123000+00:00,0,0,0,-3576,1181,-1710,32.27
2026-03-13 16:59:51.162000+00:00,0,0,0,-3577,1200,-1715,32.309
2026-03-13 16:59:51.201000+00:00,0,0,0,-3581,1212,-1703,32.348
2026-03-13 16:59:51.239000+00:00,0,0,0,-3582,1200,-1691,32.386
2026-03-13 16:59:51.282000+00:00,0,0,0,-3578,1194,-1701,32.429
2026-03-13 16:59:51.317000+00:00,0,0,0,-3578,1184,-1718,32.464
2026-03-13 16:59:51.355000+00:00,0,0,0,-3581,1184,-1718,32.502
2026-03-13 16:59:51.394000+00:00,0,0,0,-3575,1183,-1707,32.541
2026-03-13 16:59:51.433000+00:00,0,0,0,-3588,1192,-1705,32.58
2026-03-13 16:59:51.472000+00:00,0,0,0,-3578,1191,-1703,32.619
2026-03-13 16:59:51.510000+00:00,0,0,0,-3584,1195,-1705,32.657
2026-03-13 16:59:51.549000+00:00,0,0,0,-3581,1189,-1703,32.696
2026-03-13 16:59:51.588000+00:00,0,0,0,-3581,1185,-1709,32.735
2026-03-13 16:59:51.626000+00:00,0,0,0,-3582,1179,-1708,32.773
2026-03-13 16:59:51.665000+00:00,0,0,0,-3582,1177,-1713,32.812
2026-03-13 16:59:51.704000+00:00,0,0,0,-3580,1167,-1708,32.851
2026-03-13 16:59:51.742000+00:00,0,0,0,-3587,1181,-1704,32.889
2026-03-13 16:59:51.781000+00:00,0,0,0,-3574,1185,-1699,32.928
2026-03-13 16:59:51.820000+00:00,0,0,0,-3577,1188,-1707,32.967
2026-03-13 16:59:51.858000+00:00,0,0,0,-3582,1192,-1720,33.005
2026-03-13 16:59:51.897000+00:00,0,0,0,-3584,1179,-1710,33.044
2026-03-13 16:59:51.936000+00:00,0,0,0,-3583,1174,-1705,33.083
2026-03-13 16:59:51.975000+00:00,0,0,0,-3590,1181,-1704,33.122
2026-03-13 16:59:52.013000+00:00,0,0,0,-3594,1172,-1699,33.16
2026-03-13 16:59:52.052000+00:00,0,0,0,-3577,1167,-1701,33.199
2026-03-13 16:59:52.091000+00:00,0,0,0,-3579,1186,-1708,33.238
2026-03-13 16:59:52.129000+00:00,0,0,0,-3584,1196,-1723,33.276
2026-03-13 16:59:52.168000+00:00,0,0,0,-3584,1193,-1709,33.315
2026-03-13 16:59:52.207000+00:00,0,0,0,-3585,1180,-1698,33.354
2026-03-13 16:59:52.245000+00:00,0,0,0,-3581,1173,-1701,33.392
2026-03-13 16:59:52.284000+00:00,0,0,0,-3579,1165,-1715,33.431
2026-03-13 16:59:52.323000+00:00,0,0,0,-3579,1168,-1726,33.47
2026-03-13 16:59:52.361000+00:00,0,0,0,-3583,1166,-1713,33.508
2026-03-13 16:59:52.400000+00:00,0,0,0,-3582,1171,-1705,33.547
2026-03-13 16:59:52.439000+00:00,0,0,0,-3581,1178,-1702,33.586
2026-03-13 16:59:52.477000+00:00,0,0,0,-3589,1189,-1705,33.624
2026-03-13 16:59:52.516000+00:00,0,0,0,-3585,1189,-1704,33.663
2026-03-13 16:59:52.555000+00:00,0,0,0,-3581,1183,-1709,33.702
2026-03-13 16:59:52.594000+00:00,0,0,0,-3587,1179,-1712,33.741
2026-03-13 16:59:52.632000+00:00,0,0,0,-3579,1176,-1710,33.779
2026-03-13 16:59:52.671000+00:00,0,0,0,-3585,1176,-1710,33.818
2026-03-13 16:59:52.725000+00:00,0,0,0,-3584,1174,-1702,33.872
2026-03-13 16:59:52.748000+00:00,0,0,0,-3581,1174,-1697,33.895
2026-03-13 16:59:52.787000+00:00,0,0,0,-3578,1183,-1710,33.934
2026-03-13 16:59:52.826000+00:00,0,0,0,-3581,1185,-1722,33.973
2026-03-13 16:59:52.864000+00:00,0,0,0,-3579,1168,-1716,34.011
2026-03-13 16:59:52.903000+00:00,0,0,0,-3585,1171,-1711,34.05
2026-03-13 16:59:52.942000+00:00,0,0,0,-3592,1173,-1691,34.089
2026-03-13 16:59:52.981000+00:00,0,0,0,-3588,1171,-1696,34.128
2026-03-13 16:59:53.019000+00:00,0,0,0,-3574,1169,-1705,34.166
2026-03-13 16:59:53.058000+00:00,0,0,0,-3588,1179,-1720,34.205
2026-03-13 16:59:53.097000+00:00,0,0,0,-3581,1192,-1718,34.244
2026-03-13 16:59:53.135000+00:00,0,0,0,-3585,1178,-1690,34.282
2026-03-13 16:59:53.174000+00:00,0,0,0,-3587,1182,-1695,34.321
2026-03-13 16:59:53.213000+00:00,0,0,0,-3584,1181,-1707,34.36
2026-03-13 16:59:53.252000+00:00,0,0,0,-3585,1177,-1717,34.399
2026-03-13 16:59:53.290000+00:00,0,0,0,-3577,1171,-1713,34.437
2026-03-13 16:59:53.329000+00:00,0,0,0,-3582,1164,-1708,34.476
2026-03-13 16:59:53.368000+00:00,0,0,0,-3583,1170,-1709,34.515
2026-03-13 16:59:53.406000+00:00,0,0,0,-3585,1176,-1713,34.553
2026-03-13 16:59:53.445000+00:00,0,0,0,-3582,1174,-1706,34.592
2026-03-13 16:59:53.484000+00:00,0,0,0,-3588,1177,-1697,34.631
2026-03-13 16:59:53.522000+00:00,0,0,0,-3584,1185,-1699,34.669
2026-03-13 16:59:53.561000+00:00,0,0,0,-3589,1179,-1713,34.708
2026-03-13 16:59:53.600000+00:00,0,0,0,-3575,1161,-1716,34.747
2026-03-13 16:59:53.638000+00:00,0,0,0,-3585,1157,-1725,34.785
2026-03-13 16:59:53.677000+00:00,0,0,0,-3585,1170,-1710,34.824
2026-03-13 16:59:53.716000+00:00,0,0,0,-3577,1178,-1695,34.863
2026-03-13 16:59:53.755000+00:00,0,0,0,-3581,1189,-1697,34.902
2026-03-13 16:59:53.805000+00:00,0,0,0,-3579,1191,-1719,34.952
2026-03-13 16:59:53.832000+00:00,0,0,0,-3587,1176,-1712,34.979
2026-03-13 16:59:53.871000+00:00,0,0,0,-3589,1176,-1716,35.018
2026-03-13 16:59:53.909000+00:00,0,0,0,-3580,1173,-1719,35.056
2026-03-13 16:59:53.948000+00:00,0,0,0,-3575,1177,-1710,35.095
2026-03-13 16:59:53.987000+00:00,0,0,0,-3570,1191,-1712,35.134
2026-03-13 16:59:54.025000+00:00,0,0,0,-3604,1213,-1692,35.172
2026-03-13 16:59:54.064000+00:00,0,0,0,-3587,1202,-1670,35.211
2026-03-13 16:59:54.103000+00:00,0,0,0,-3587,1167,-1669,35.25
2026-03-13 16:59:54.142000+00:00,0,0,0,-3592,1133,-1712,35.289
2026-03-13 16:59:54.180000+00:00,0,0,0,-3583,1135,-1741,35.327
2026-03-13 16:59:54.219000+00:00,0,0,0,-3574,1165,-1733,35.366
2026-03-13 16:59:54.258000+00:00,0,0,0,-3575,1196,-1706,35.405
2026-03-13 16:59:54.296000+00:00,0,0,0,-3586,1209,-1704,35.443
2026-03-13 16:59:54.335000+00:00,0,0,0,-3576,1197,-1705,35.482
2026-03-13 16:59:54.374000+00:00,0,0,0,-3589,1181,-1700,35.521
2026-03-13 16:59:54.412000+00:00,0,0,0,-3589,1169,-1698,35.559
2026-03-13 16:59:54.451000+00:00,0,0,0,-3590,1152,-1706,35.598
2026-03-13 16:59:54.490000+00:00,0,0,0,-3569,1138,-1721,35.637
2026-03-13 16:59:54.528000+00:00,0,0,0,-3586,1146,-1736,35.675
2026-03-13 16:59:54.567000+00:00,0,0,0,-3576,1167,-1732,35.714
2026-03-13 16:59:54.606000+00:00,0,0,0,-3585,1190,-1698,35.753
2026-03-13 16:59:54.645000+00:00,0,0,0,-3586,1217,-1671,35.792
2026-03-13 16:59:54.683000+00:00,0,0,0,-3583,1221,-1688,35.83
2026-03-13 16:59:54.722000+00:00,0,0,0,-3585,1216,-1703,35.869
2026-03-13 16:59:54.761000+00:00,0,0,0,-3583,1171,-1710,35.908
2026-03-13 16:59:54.799000+00:00,0,0,0,-3601,1130,-1710,35.946
2026-03-13 16:59:54.838000+00:00,0,0,0,-3581,1126,-1713,35.985
2026-03-13 16:59:54.881000+00:00,0,0,0,-3592,1138,-1709,36.028
2026-03-13 16:59:54.915000+00:00,0,0,0,-3572,1163,-1717,36.062
2026-03-13 16:59:54.954000+00:00,0,0,0,-3581,1191,-1712,36.101
2026-03-13 16:59:54.993000+00:00,0,0,0,-3585,1208,-1702,36.14
2026-03-13 16:59:55.031000+00:00,0,0,0,-3582,1187,-1697,36.178
2026-03-13 16:59:55.070000+00:00,0,0,0,-3591,1166,-1692,36.217
2026-03-13 16:59:55.109000+00:00,0,0,0,-3579,1145,-1682,36.256
2026-03-13 16:59:55.148000+00:00,0,0,0,-3580,1143,-1713,36.295
2026-03-13 16:59:55.186000+00:00,0,0,0,-3580,1157,-1745,36.333
2026-03-13 16:59:55.225000+00:00,0,0,0,-3565,1180,-1782,36.372
2026-03-13 16:59:55.264000+00:00,0,0,0,-3559,1219,-1770,36.411
2026-03-13 16:59:55.302000+00:00,0,0,0,-3560,1236,-1744,36.449
2026-03-13 16:59:55.341000+00:00,0,0,0,-3584,1240,-1691,36.488
2026-03-13 16:59:55.380000+00:00,0,0,0,-3566,1203,-1693,36.527
2026-03-13 16:59:55.418000+00:00,0,0,0,-3583,1167,-1717,36.565
2026-03-13 16:59:55.457000+00:00,0,0,0,-3588,1118,-1733,36.604
2026-03-13 16:59:55.496000+00:00,0,0,0,-3580,1116,-1735,36.643
2026-03-13 16:59:55.534000+00:00,0,0,0,-3575,1147,-1720,36.681
2026-03-13 16:59:55.573000+00:00,0,0,0,-3552,1183,-1729,36.72
2026-03-13 16:59:55.612000+00:00,0,0,0,-3566,1202,-1740,36.759
2026-03-13 16:59:55.651000+00:00,0,0,0,-3584,1192,-1759,36.798
2026-03-13 16:59:55.689000+00:00,0,0,0,-3573,1183,-1733,36.836
2026-03-13 16:59:55.728000+00:00,0,0,0,-3579,1173,-1690,36.875
2026-03-13 16:59:55.767000+00:00,0,0,0,-3579,1167,-1692,36.914
2026-03-13 16:59:55.805000+00:00,0,0,0,-3574,1172,-1732,36.952
2026-03-13 16:59:55.844000+00:00,0,0,0,-3564,1183,-1772,36.991
2026-03-13 16:59:55.883000+00:00,0,0,0,-3572,1175,-1754,37.03
2026-03-13 16:59:55.921000+00:00,0,0,0,-3568,1177,-1740,37.068
2026-03-13 16:59:55.965000+00:00,0,0,0,-3571,1172,-1714,37.112
2026-03-13 16:59:55.999000+00:00,0,0,0,-3578,1174,-1723,37.146
2026-03-13 16:59:56.038000+00:00,0,0,0,-3590,1168,-1728,37.185
2026-03-13 16:59:56.076000+00:00,0,0,0,-3582,1157,-1725,37.223
2026-03-13 16:59:56.115000+00:00,0,0,0,-3573,1165,-1721,37.262
2026-03-13 16:59:56.154000+00:00,0,0,0,-3557,1183,-1736,37.301
2026-03-13 16:59:56.192000+00:00,0,0,0,-3552,1190,-1746,37.339
2026-03-13 16:59:56.231000+00:00,0,0,0,-3571,1186,-1755,37.378
2026-03-13 16:59:56.270000+00:00,0,0,0,-3579,1165,-1736,37.417
2026-03-13 16:59:56.308000+00:00,0,0,0,-3582,1160,-1735,37.455
2026-03-13 16:59:56.347000+00:00,0,0,0,-3600,1152,-1703,37.494
2026-03-13 16:59:56.386000+00:00,0,0,0,-3592,1173,-1671,37.533
2026-03-13 16:59:56.424000+00:00,0,0,0,-3542,1197,-1693,37.571
2026-03-13 16:59:56.463000+00:00,0,0,0,-3518,1214,-1772,37.61
2026-03-13 16:59:56.502000+00:00,0,0,0,-3562,1228,-1822,37.649
2026-03-13 16:59:56.541000+00:00,0,0,0,-3586,1212,-1766,37.688
2026-03-13 16:59:56.579000+00:00,0,0,0,-3603,1175,-1665,37.726
2026-03-13 16:59:56.618000+00:00,0,0,0,-3605,1151,-1626,37.765
2026-03-13 16:59:56.657000+00:00,0,0,0,-3569,1169,-1683,37.804
2026-03-13 16:59:56.695000+00:00,0,0,0,-3537,1197,-1777,37.842
2026-03-13 16:59:56.734000+00:00,0,0,0,-3538,1217,-1799,37.881
2026-03-13 16:59:56.773000+00:00,0,0,0,-3554,1236,-1757,37.92
2026-03-13 16:59:56.811000+00:00,0,0,0,-3595,1225,-1698,37.958
2026-03-13 16:59:56.850000+00:00,0,0,0,-3609,1192,-1663,37.997
2026-03-13 16:59:56.889000+00:00,0,0,0,-3580,1161,-1683,38.036
2026-03-13 16:59:56.927000+00:00,0,0,0,-3548,1143,-1740,38.074
2026-03-13 16:59:56.966000+00:00,0,0,0,-3539,1166,-1782,38.113
2026-03-13 16:59:57.005000+00:00,0,0,0,-3547,1205,-1785,38.152
2026-03-13 16:59:57.044000+00:00,0,0,0,-3583,1231,-1733,38.191
2026-03-13 16:59:57.082000+00:00,0,0,0,-3600,1227,-1687,38.229
2026-03-13 16:59:57.121000+00:00,0,0,0,-3578,1180,-1677,38.268
2026-03-13 16:59:57.160000+00:00,0,0,0,-3571,1154,-1711,38.307
2026-03-13 16:59:57.198000+00:00,0,0,0,-3556,1151,-1749,38.345
2026-03-13 16:59:57.237000+00:00,0,0,0,-3551,1170,-1757,38.384
2026-03-13 16:59:57.276000+00:00,0,0,0,-3557,1207,-1748,38.423
2026-03-13 16:59:57.314000+00:00,0,0,0,-3580,1224,-1717,38.461
2026-03-13 16:59:57.353000+00:00,0,0,0,-3578,1220,-1711,38.5
2026-03-13 16:59:57.404000+00:00,0,0,0,-3590,1210,-1704,38.551
2026-03-13 16:59:57.430000+00:00,0,0,0,-3564,1181,-1711,38.577
2026-03-13 16:59:57.469000+00:00,0,0,0,-3557,1173,-1733,38.616
2026-03-13 16:59:57.508000+00:00,0,0,0,-3565,1185,-1742,38.655
2026-03-13 16:59:57.547000+00:00,0,0,0,-3565,1211,-1745,38.694
2026-03-13 16:59:57.585000+00:00,0,0,0,-3573,1204,-1714,38.732
2026-03-13 16:59:57.624000+00:00,0,0,0,-3572,1206,-1710,38.771
2026-03-13 16:59:57.663000+00:00,0,0,0,-3580,1195,-1725,38.81
2026-03-13 16:59:57.702000+00:00,0,0,0,-3557,1180,-1742,38.849
2026-03-13 16:59:57.740000+00:00,0,0,0,-3558,1187,-1754,38.887
2026-03-13 16:59:57.779000+00:00,0,0,0,-3564,1203,-1739,38.926
2026-03-13 16:59:57.818000+00:00,0,0,0,-3566,1209,-1718,38.965
2026-03-13 16:59:57.856000+00:00,0,0,0,-3564,1216,-1712,39.003
2026-03-13 16:59:57.895000+00:00,0,0,0,-3569,1214,-1718,39.042
2026-03-13 16:59:57.934000+00:00,0,0,0,-3575,1209,-1726,39.081
2026-03-13 16:59:57.972000+00:00,0,0,0,-3559,1187,-1732,39.119
2026-03-13 16:59:58.011000+00:00,0,0,0,-3558,1169,-1737,39.158
2026-03-13 16:59:58.050000+00:00,0,0,0,-3567,1168,-1745,39.197
2026-03-13 16:59:58.088000+00:00,0,0,0,-3570,1169,-1745,39.235
2026-03-13 16:59:58.127000+00:00,0,0,0,-3575,1189,-1732,39.274
2026-03-13 16:59:58.166000+00:00,0,0,0,-3572,1197,-1709,39.313
2026-03-13 16:59:58.205000+00:00,0,0,0,-3568,1212,-1712,39.352
2026-03-13 16:59:58.243000+00:00,0,0,0,-3560,1209,-1725,39.39
2026-03-13 16:59:58.282000+00:00,0,0,0,-3556,1212,-1744,39.429
2026-03-13 16:59:58.321000+00:00,0,0,0,-3566,1209,-1742,39.468
2026-03-13 16:59:58.359000+00:00,0,0,0,-3579,1186,-1718,39.506
2026-03-13 16:59:58.398000+00:00,0,0,0,-3573,1175,-1714,39.545
2026-03-13 16:59:58.437000+00:00,0,0,0,-3576,1164,-1725,39.584
2026-03-13 16:59:58.484000+00:00,0,0,0,-3573,1168,-1748,39.631
2026-03-13 16:59:58.514000+00:00,0,0,0,-3567,1181,-1736,39.661
2026-03-13 16:59:58.553000+00:00,0,0,0,-3564,1193,-1728,39.7
2026-03-13 16:59:58.591000+00:00,0,0,0,-3571,1205,-1726,39.738
2026-03-13 16:59:58.630000+00:00,0,0,0,-3570,1210,-1718,39.777
2026-03-13 16:59:58.669000+00:00,0,0,0,-3578,1204,-1717,39.816
2026-03-13 16:59:58.708000+00:00,0,0,0,-3565,1189,-1717,39.855
2026-03-13 16:59:58.746000+00:00,0,0,0,-3565,1186,-1727,39.893
2026-03-13 16:59:58.785000+00:00,0,0,0,-3567,1196,-1747,39.932
2026-03-13 16:59:58.824000+00:00,0,0,0,-3565,1185,-1738,39.971
2026-03-13 16:59:58.862000+00:00,0,0,0,-3573,1184,-1721,40.009
2026-03-13 16:59:58.901000+00:00,0,0,0,-3577,1189,-1709,40.048
2026-03-13 16:59:58.940000+00:00,0,0,0,-3576,1184,-1714,40.087
2026-03-13 16:59:58.978000+00:00,0,0,0,-3564,1186,-1721,40.125
2026-03-13 16:59:59.017000+00:00,0,0,0,-3572,1184,-1730,40.164
2026-03-13 16:59:59.056000+00:00,0,0,0,-3562,1192,-1739,40.203
2026-03-13 16:59:59.094000+00:00,0,0,0,-3577,1189,-1723,40.241
2026-03-13 16:59:59.133000+00:00,0,0,0,-3569,1194,-1723,40.28
2026-03-13 16:59:59.172000+00:00,0,0,0,-3571,1187,-1717,40.319
2026-03-13 16:59:59.211000+00:00,0,0,0,-3573,1186,-1729,40.358
2026-03-13 16:59:59.249000+00:00,0,0,0,-3568,1188,-1734,40.396
2026-03-13 16:59:59.288000+00:00,0,0,0,-3567,1186,-1728,40.435
2026-03-13 16:59:59.327000+00:00,0,0,0,-3568,1185,-1721,40.474
2026-03-13 16:59:59.365000+00:00,0,0,0,-3569,1185,-1721,40.512
2026-03-13 16:59:59.404000+00:00,0,0,0,-3573,1193,-1722,40.551
2026-03-13 16:59:59.443000+00:00,0,0,0,-3573,1193,-1723,40.59
2026-03-13 16:59:59.481000+00:00,0,0,0,-3570,1188,-1725,40.628
2026-03-13 16:59:59.520000+00:00,0,0,0,-3572,1193,-1724,40.667
2026-03-13 16:59:59.562000+00:00,0,0,0,-3569,1184,-1712,40.709
2026-03-13 16:59:59.597000+00:00,0,0,0,-3570,1186,-1723,40.744
2026-03-13 16:59:59.636000+00:00,0,0,0,-3568,1182,-1738,40.783
2026-03-13 16:59:59.675000+00:00,0,0,0,-3577,1181,-1741,40.822
2026-03-13 16:59:59.714000+00:00,0,0,0,-3574,1189,-1738,40.861
2026-03-13 16:59:59.752000+00:00,0,0,0,-3579,1186,-1701,40.899
2026-03-13 16:59:59.791000+00:00,0,0,0,-3574,1182,-1692,40.938
2026-03-13 16:59:59.830000+00:00,0,0,0,-3569,1184,-1717,40.977
2026-03-13 16:59:59.868000+00:00,0,0,0,-3574,1187,-1746,41.015
2026-03-13 16:59:59.907000+00:00,0,0,0,-3571,1186,-1747,41.054
2026-03-13 16:59:59.946000+00:00,0,0,0,-3569,1177,-1715,41.093
2026-03-13 16:59:59.984000+00:00,0,0,0,-3575,1183,-1712,41.131
2026-03-13 17:00:00.023000+00:00,0,0,0,-3566,1193,-1715,41.17
2026-03-13 17:00:00.062000+00:00,0,0,0,-3574,1201,-1738,41.209
2026-03-13 17:00:00.100000+00:00,0,0,0,-3568,1188,-1735,41.247
2026-03-13 17:00:00.139000+00:00,0,0,0,-3574,1176,-1724,41.286
2026-03-13 17:00:00.178000+00:00,0,0,0,-3566,1180,-1716,41.325
2026-03-13 17:00:00.217000+00:00,0,0,0,-3575,1192,-1719,41.364
2026-03-13 17:00:00.255000+00:00,0,0,0,-3576,1189,-1722,41.402
2026-03-13 17:00:00.294000+00:00,0,0,0,-3570,1190,-1726,41.441
2026-03-13 17:00:00.333000+00:00,0,0,0,-3568,1185,-1719,41.48
2026-03-13 17:00:00.371000+00:00,0,0,0,-3566,1190,-1736,41.518
2026-03-13 17:00:00.410000+00:00,0,0,0,-3562,1198,-1737,41.557
2026-03-13 17:00:00.449000+00:00,0,0,0,-3579,1210,-1722,41.596
2026-03-13 17:00:00.487000+00:00,0,0,0,-3583,1190,-1708,41.634
2026-03-13 17:00:00.526000+00:00,0,0,0,-3563,1171,-1721,41.673
2026-03-13 17:00:00.565000+00:00,0,0,0,-3576,1174,-1732,41.712
2026-03-13 17:00:00.603000+00:00,0,0,0,-3551,1192,-1739,41.75
2026-03-13 17:00:00.647000+00:00,0,0,0,-3560,1206,-1737,41.794
2026-03-13 17:00:00.681000+00:00,0,0,0,-3571,1212,-1731,41.828
2026-03-13 17:00:00.720000+00:00,0,0,0,-3577,1193,-1724,41.867
2026-03-13 17:00:00.758000+00:00,0,0,0,-3571,1173,-1726,41.905
2026-03-13 17:00:00.797000+00:00,0,0,0,-3568,1176,-1731,41.944
2026-03-13 17:00:00.836000+00:00,0,0,0,-3563,1171,-1734,41.983
2026-03-13 17:00:00.874000+00:00,0,0,0,-3552,1186,-1743,42.021
2026-03-13 17:00:00.913000+00:00,0,0,0,-3567,1209,-1732,42.06
2026-03-13 17:00:00.952000+00:00,0,0,0,-3562,1228,-1731,42.099
2026-03-13 17:00:00.992000+00:00,0,0,0,-3567,1231,-1716,42.139
2026-03-13 17:00:01.029000+00:00,0,0,0,-3571,1217,-1720,42.176
2026-03-13 17:00:01.068000+00:00,0,0,0,-3569,1191,-1727,42.215
2026-03-13 17:00:01.106000+00:00,0,0,0,-3565,1174,-1739,42.253
2026-03-13 17:00:01.145000+00:00,0,0,0,-3555,1178,-1742,42.292
2026-03-13 17:00:01.184000+00:00,0,0,0,-3565,1188,-1734,42.331
2026-03-13 17:00:01.222000+00:00,0,0,0,-3565,1198,-1739,42.369
2026-03-13 17:00:01.261000+00:00,0,0,0,-3566,1206,-1727,42.408
2026-03-13 17:00:01.300000+00:00,0,0,0,-3572,1201,-1723,42.447
2026-03-13 17:00:01.339000+00:00,0,0,0,-3559,1202,-1730,42.486
2026-03-13 17:00:01.377000+00:00,0,0,0,-3563,1198,-1743,42.524
2026-03-13 17:00:01.416000+00:00,0,0,0,-3552,1201,-1751,42.563
2026-03-13 17:00:01.455000+00:00,0,0,0,-3579,1199,-1730,42.602
2026-03-13 17:00:01.493000+00:00,0,0,0,-3552,1193,-1722,42.64
2026-03-13 17:00:01.532000+00:00,0,0,0,-3570,1199,-1731,42.679
2026-03-13 17:00:01.571000+00:00,0,0,0,-3561,1221,-1734,42.718
2026-03-13 17:00:01.610000+00:00,0,0,0,-3564,1205,-1736,42.757
2026-03-13 17:00:01.648000+00:00,0,0,0,-3558,1201,-1741,42.795
2026-03-13 17:00:01.687000+00:00,0,0,0,-3571,1200,-1740,42.834
2026-03-13 17:00:01.726000+00:00,0,0,0,-3567,1189,-1726,42.873
2026-03-13 17:00:01.764000+00:00,0,0,0,-3566,1167,-1716,42.911
2026-03-13 17:00:01.803000+00:00,0,0,0,-3564,1179,-1735,42.95
2026-03-13 17:00:01.842000+00:00,0,0,0,-3555,1208,-1754,42.989
2026-03-13 17:00:01.880000+00:00,0,0,0,-3558,1218,-1758,43.027
2026-03-13 17:00:01.919000+00:00,0,0,0,-3545,1229,-1745,43.066
2026-03-13 17:00:01.958000+00:00,0,0,0,-3575,1217,-1707,43.105
2026-03-13 17:00:01.996000+00:00,0,0,0,-3580,1211,-1689,43.143
2026-03-13 17:00:02.035000+00:00,0,0,0,-3574,1182,-1714,43.182
2026-03-13 17:00:02.085000+00:00,0,0,0,-3548,1164,-1774,43.232
2026-03-13 17:00:02.113000+00:00,0,0,0,-3549,1191,-1796,43.26
2026-03-13 17:00:02.151000+00:00,0,0,0,-3569,1208,-1744,43.298
2026-03-13 17:00:02.190000+00:00,0,0,0,-3557,1204,-1694,43.337
2026-03-13 17:00:02.229000+00:00,0,0,0,-3572,1210,-1697,43.376
2026-03-13 17:00:02.267000+00:00,0,0,0,-3562,1207,-1737,43.414
2026-03-13 17:00:02.306000+00:00,0,0,0,-3561,1211,-1765,43.453
2026-03-13 17:00:02.345000+00:00,0,0,0,-3554,1205,-1746,43.492
2026-03-13 17:00:02.384000+00:00,0,0,0,-3566,1228,-1738,43.531
2026-03-13 17:00:02.422000+00:00,0,0,0,-3556,1204,-1711,43.569
2026-03-13 17:00:02.461000+00:00,0,0,0,-3565,1219,-1717,43.608
2026-03-13 17:00:02.499000+00:00,0,0,0,-3562,1183,-1724,43.646
2026-03-13 17:00:02.538000+00:00,0,0,0,-3571,1187,-1739,43.685
2026-03-13 17:00:02.577000+00:00,0,0,0,-3576,1210,-1737,43.724
2026-03-13 17:00:02.616000+00:00,0,0,0,-3554,1213,-1711,43.763
2026-03-13 17:00:02.654000+00:00,0,0,0,-3562,1199,-1711,43.801
2026-03-13 17:00:02.693000+00:00,0,0,0,-3563,1200,-1743,43.84
2026-03-13 17:00:02.732000+00:00,0,0,0,-3567,1196,-1747,43.879
2026-03-13 17:00:02.770000+00:00,0,0,0,-3569,1184,-1743,43.917
2026-03-13 17:00:02.809000+00:00,0,0,0,-3569,1177,-1723,43.956
2026-03-13 17:00:02.848000+00:00,0,0,0,-3566,1197,-1727,43.995
2026-03-13 17:00:02.886000+00:00,0,0,0,-3555,1182,-1756,44.033
2026-03-13 17:00:02.925000+00:00,0,0,0,-3559,1212,-1748,44.072
2026-03-13 17:00:02.964000+00:00,0,0,0,-3560,1232,-1717,44.111
2026-03-13 17:00:03.002000+00:00,0,0,0,-3570,1233,-1707,44.149
2026-03-13 17:00:03.041000+00:00,0,0,0,-3564,1228,-1716,44.188
2026-03-13 17:00:03.080000+00:00,0,0,0,-3574,1193,-1735,44.227
2026-03-13 17:00:03.119000+00:00,0,0,0,-3560,1160,-1750,44.266
2026-03-13 17:00:03.165000+00:00,0,0,0,-3564,1168,-1752,44.312
2026-03-13 17:00:03.196000+00:00,0,0,0,-3573,1174,-1747,44.343
2026-03-13 17:00:03.235000+00:00,0,0,0,-3556,1172,-1717,44.382
2026-03-13 17:00:03.273000+00:00,0,0,0,-3568,1195,-1721,44.42
2026-03-13 17:00:03.312000+00:00,0,0,0,-3564,1218,-1741,44.459
2026-03-13 17:00:03.351000+00:00,0,0,0,-3561,1212,-1747,44.498
2026-03-13 17:00:03.389000+00:00,0,0,0,-3562,1208,-1734,44.536
2026-03-13 17:00:03.428000+00:00,0,0,0,-3574,1178,-1713,44.575
2026-03-13 17:00:03.467000+00:00,0,0,0,-3564,1178,-1720,44.614
2026-03-13 17:00:03.505000+00:00,0,0,0,-3568,1177,-1739,44.652
2026-03-13 17:00:03.544000+00:00,0,0,0,-3563,1172,-1748,44.691
2026-03-13 17:00:03.583000+00:00,0,0,0,-3558,1186,-1738,44.73
2026-03-13 17:00:03.621000+00:00,0,0,0,-3577,1212,-1717,44.768
2026-03-13 17:00:03.660000+00:00,0,0,0,-3560,1224,-1726,44.807
2026-03-13 17:00:03.699000+00:00,0,0,0,-3548,1207,-1743,44.846
2026-03-13 17:00:03.738000+00:00,0,0,0,-3578,1155,-1780,44.885
2026-03-13 17:00:03.776000+00:00,0,0,0,-3552,1134,-1764,44.923
2026-03-13 17:00:03.815000+00:00,0,0,0,-3563,1155,-1739,44.962
2026-03-13 17:00:03.854000+00:00,0,0,0,-3562,1171,-1731,45.001
2026-03-13 17:00:03.892000+00:00,0,0,0,-3565,1196,-1730,45.039
2026-03-13 17:00:03.931000+00:00,0,0,0,-3562,1214,-1753,45.078
2026-03-13 17:00:03.970000+00:00,0,0,0,-3563,1213,-1759,45.117
2026-03-13 17:00:04.008000+00:00,0,0,0,-3561,1189,-1752,45.155
2026-03-13 17:00:04.047000+00:00,0,0,0,-3563,1161,-1731,45.194
2026-03-13 17:00:04.086000+00:00,0,0,0,-3567,1167,-1740,45.233
2026-03-13 17:00:04.124000+00:00,0,0,0,-3566,1177,-1749,45.271
2026-03-13 17:00:04.163000+00:00,0,0,0,-3554,1176,-1747,45.31
2026-03-13 17:00:04.202000+00:00,0,0,0,-3562,1188,-1742,45.349
2026-03-13 17:00:04.247000+00:00,0,0,0,-3561,1195,-1740,45.394
2026-03-13 17:00:04.279000+00:00,0,0,0,-3558,1207,-1740,45.426
2026-03-13 17:00:04.318000+00:00,0,0,0,-3578,1215,-1758,45.465
2026-03-13 17:00:04.357000+00:00,0,0,0,-3564,1186,-1755,45.504
2026-03-13 17:00:04.395000+00:00,0,0,0,-3561,1151,-1757,45.542
2026-03-13 17:00:04.434000+00:00,0,0,0,-3554,1154,-1731,45.581
2026-03-13 17:00:04.473000+00:00,0,0,0,-3563,1180,-1754,45.62
2026-03-13 17:00:04.511000+00:00,0,0,0,-3563,1184,-1757,45.658
2026-03-13 17:00:04.550000+00:00,0,0,0,-3579,1179,-1756,45.697
2026-03-13 17:00:04.589000+00:00,0,0,0,-3557,1169,-1749,45.736
2026-03-13 17:00:04.627000+00:00,0,0,0,-3566,1149,-1750,45.774
2026-03-13 17:00:04.666000+00:00,0,0,0,-3560,1151,-1763,45.813
2026-03-13 17:00:04.705000+00:00,0,0,0,-3566,1155,-1764,45.852
2026-03-13 17:00:04.743000+00:00,0,0,0,-3555,1164,-1760,45.89
2026-03-13 17:00:04.782000+00:00,0,0,0,-3575,1177,-1763,45.929
2026-03-13 17:00:04.821000+00:00,0,0,0,-3582,1171,-1728,45.968
2026-03-13 17:00:04.860000+00:00,0,0,0,-3569,1171,-1724,46.007
2026-03-13 17:00:04.898000+00:00,0,0,0,-3542,1162,-1767,46.045
2026-03-13 17:00:04.937000+00:00,0,0,0,-3574,1165,-1793,46.084
2026-03-13 17:00:04.976000+00:00,0,0,0,-3554,1126,-1751,46.123
2026-03-13 17:00:05.014000+00:00,0,0,0,-3562,1139,-1740,46.161
2026-03-13 17:00:05.053000+00:00,0,0,0,-3590,1137,-1753,46.2
2026-03-13 17:00:05.092000+00:00,0,0,0,-3564,1137,-1773,46.239
2026-03-13 17:00:05.130000+00:00,0,0,0,-3561,1152,-1762,46.277
2026-03-13 17:00:05.169000+00:00,0,0,0,-3568,1191,-1739,46.316
2026-03-13 17:00:05.208000+00:00,0,0,0,-3580,1210,-1703,46.355
2026-03-13 17:00:05.246000+00:00,0,0,0,-3579,1196,-1710,46.393
2026-03-13 17:00:05.285000+00:00,0,0,0,-3536,1172,-1753,46.432
2026-03-13 17:00:05.326000+00:00,0,0,0,-3578,1141,-1809,46.473
2026-03-13 17:00:05.363000+00:00,0,0,0,-3542,1097,-1828,46.51
2026-03-13 17:00:05.401000+00:00,0,0,0,-3572,1075,-1809,46.548
2026-03-13 17:00:05.440000+00:00,0,0,0,-3584,1066,-1774,46.587
2026-03-13 17:00:05.479000+00:00,0,0,0,-3571,1068,-1769,46.626
2026-03-13 17:00:05.518000+00:00,0,0,0,-3571,1120,-1775,46.665
2026-03-13 17:00:05.556000+00:00,0,0,0,-3547,1136,-1800,46.703
2026-03-13 17:00:05.595000+00:00,0,0,0,-3562,1104,-1786,46.742
2026-03-13 17:00:05.634000+00:00,0,0,0,-3562,1125,-1761,46.781
2026-03-13 17:00:05.673000+00:00,0,0,0,-3550,1132,-1786,46.82
2026-03-13 17:00:05.711000+00:00,0,0,0,-3580,1147,-1836,46.858
2026-03-13 17:00:05.750000+00:00,0,0,0,-3551,1116,-1815,46.897
2026-03-13 17:00:05.788000+00:00,0,0,0,-3556,1093,-1789,46.935
2026-03-13 17:00:05.827000+00:00,0,0,0,-3557,1086,-1786,46.974
2026-03-13 17:00:05.866000+00:00,0,0,0,-3557,1107,-1785,47.013
2026-03-13 17:00:05.904000+00:00,0,0,0,-3562,1130,-1792,47.051
2026-03-13 17:00:05.943000+00:00,0,0,0,-3574,1140,-1787,47.09
2026-03-13 17:00:05.982000+00:00,0,0,0,-3566,1137,-1783,47.129
2026-03-13 17:00:06.021000+00:00,0,0,0,-3565,1128,-1791,47.168
2026-03-13 17:00:06.059000+00:00,0,0,0,-3564,1109,-1791,47.206
2026-03-13 17:00:06.098000+00:00,0,0,0,-3540,1098,-1811,47.245
2026-03-13 17:00:06.137000+00:00,0,0,0,-3553,1097,-1817,47.284
2026-03-13 17:00:06.175000+00:00,0,0,0,-3563,1094,-1809,47.322
2026-03-13 17:00:06.214000+00:00,0,0,0,-3568,1093,-1776,47.361
2026-03-13 17:00:06.253000+00:00,0,0,0,-3573,1107,-1766,47.4
2026-03-13 17:00:06.291000+00:00,0,0,0,-3564,1118,-1789,47.438
2026-03-13 17:00:06.330000+00:00,0,0,0,-3560,1114,-1793,47.477
2026-03-13 17:00:06.369000+00:00,0,0,0,-3561,1127,-1804,47.516
2026-03-13 17:00:06.407000+00:00,0,0,0,-3556,1121,-1798,47.554
2026-03-13 17:00:06.446000+00:00,0,0,0,-3559,1112,-1787,47.593
2026-03-13 17:00:06.485000+00:00,0,0,0,-3566,1113,-1787,47.632
2026-03-13 17:00:06.523000+00:00,0,0,0,-3564,1122,-1783,47.67
2026-03-13 17:00:06.562000+00:00,0,0,0,-3566,1119,-1777,47.709
2026-03-13 17:00:06.601000+00:00,0,0,0,-3561,1112,-1799,47.748
2026-03-13 17:00:06.640000+00:00,0,0,0,-3563,1109,-1805,47.787
2026-03-13 17:00:06.678000+00:00,0,0,0,-3562,1111,-1787,47.825
2026-03-13 17:00:06.717000+00:00,0,0,0,-3564,1106,-1759,47.864
2026-03-13 17:00:06.768000+00:00,0,0,0,-3562,1126,-1761,47.915
2026-03-13 17:00:06.795000+00:00,0,0,0,-3587,1190,-1728,47.942
2026-03-13 17:00:06.833000+00:00,0,0,0,-3550,1219,-1735,47.98
2026-03-13 17:00:06.872000+00:00,0,0,0,-3554,1172,-1812,48.019
2026-03-13 17:00:06.910000+00:00,0,0,0,-3570,1119,-1813,48.057
2026-03-13 17:00:06.949000+00:00,0,0,0,-3537,1070,-1814,48.096
2026-03-13 17:00:06.988000+00:00,0,0,0,-3548,1006,-1909,48.135
2026-03-13 17:00:07.026000+00:00,0,0,0,-3551,882,-1986,48.173
2026-03-13 17:00:07.065000+00:00,0,0,0,-3566,821,-1979,48.212
2026-03-13 17:00:07.104000+00:00,0,0,0,-3554,863,-1885,48.251
2026-03-13 17:00:07.143000+00:00,0,0,0,-3538,945,-1835,48.29
2026-03-13 17:00:07.181000+00:00,0,0,0,-3567,1002,-1897,48.328
2026-03-13 17:00:07.220000+00:00,0,0,0,-3567,1058,-1873,48.367
2026-03-13 17:00:07.259000+00:00,0,0,0,-3562,1083,-1803,48.406
2026-03-13 17:00:07.297000+00:00,0,0,0,-3555,1197,-1716,48.444
2026-03-13 17:00:07.336000+00:00,0,0,0,-3578,1186,-1714,48.483
2026-03-13 17:00:07.375000+00:00,0,0,0,-3551,1148,-1806,48.522
2026-03-13 17:00:07.413000+00:00,0,0,0,-3557,1101,-1833,48.56
2026-03-13 17:00:07.452000+00:00,0,0,0,-3571,1110,-1796,48.599
2026-03-13 17:00:07.491000+00:00,0,0,0,-3544,1100,-1768,48.638
2026-03-13 17:00:07.529000+00:00,0,0,0,-3563,1125,-1779,48.676
2026-03-13 17:00:07.568000+00:00,0,0,0,-3566,1134,-1842,48.715
2026-03-13 17:00:07.607000+00:00,0,0,0,-3544,1122,-1840,48.754
2026-03-13 17:00:07.646000+00:00,0,0,0,-3561,1097,-1812,48.793
2026-03-13 17:00:07.684000+00:00,0,0,0,-3546,1074,-1779,48.831
2026-03-13 17:00:07.724000+00:00,0,0,0,-3577,1096,-1789,48.871
2026-03-13 17:00:07.762000+00:00,0,0,0,-3548,1119,-1796,48.909
2026-03-13 17:00:07.800000+00:00,0,0,0,-3554,1127,-1806,48.947
2026-03-13 17:00:07.846000+00:00,0,0,0,-3550,1127,-1822,48.993
2026-03-13 17:00:07.878000+00:00,0,0,0,-3552,1125,-1826,49.025
2026-03-13 17:00:07.916000+00:00,0,0,0,-3555,1110,-1802,49.063
2026-03-13 17:00:07.955000+00:00,0,0,0,-3557,1122,-1789,49.102
2026-03-13 17:00:07.994000+00:00,0,0,0,-3565,1116,-1794,49.141
2026-03-13 17:00:08.032000+00:00,0,0,0,-3553,1101,-1795,49.179
2026-03-13 17:00:08.071000+00:00,0,0,0,-3554,1109,-1803,49.218
2026-03-13 17:00:08.110000+00:00,0,0,0,-3550,1118,-1821,49.257
2026-03-13 17:00:08.149000+00:00,0,0,0,-3555,1115,-1811,49.296
2026-03-13 17:00:08.187000+00:00,0,0,0,-3561,1119,-1819,49.334
2026-03-13 17:00:08.226000+00:00,0,0,0,-3556,1114,-1800,49.373
2026-03-13 17:00:08.265000+00:00,0,0,0,-3551,1109,-1801,49.412
2026-03-13 17:00:08.303000+00:00,0,0,0,-3557,1099,-1811,49.45
2026-03-13 17:00:08.342000+00:00,0,0,0,-3556,1104,-1819,49.489
2026-03-13 17:00:08.381000+00:00,0,0,0,-3556,1100,-1812,49.528
2026-03-13 17:00:08.419000+00:00,0,0,0,-3555,1103,-1797,49.566
2026-03-13 17:00:08.458000+00:00,0,0,0,-3561,1106,-1796,49.605
2026-03-13 17:00:08.497000+00:00,0,0,0,-3554,1109,-1806,49.644
2026-03-13 17:00:08.535000+00:00,0,0,0,-3560,1094,-1823,49.682
2026-03-13 17:00:08.574000+00:00,0,0,0,-3552,1087,-1823,49.721
2026-03-13 17:00:08.613000+00:00,0,0,0,-3564,1084,-1809,49.76
2026-03-13 17:00:08.652000+00:00,0,0,0,-3549,1086,-1789,49.799
2026-03-13 17:00:08.690000+00:00,0,0,0,-3555,1098,-1806,49.837
2026-03-13 17:00:08.729000+00:00,0,0,0,-3560,1113,-1826,49.876
2026-03-13 17:00:08.768000+00:00,0,0,0,-3561,1121,-1828,49.915
2026-03-13 17:00:08.806000+00:00,0,0,0,-3560,1113,-1816,49.953
2026-03-13 17:00:08.845000+00:00,0,0,0,-3562,1103,-1789,49.992
2026-03-13 17:00:08.884000+00:00,0,0,0,-3557,1085,-1786,50.031
2026-03-13 17:00:08.926000+00:00,0,0,0,-3559,1081,-1811,50.073
2026-03-13 17:00:08.961000+00:00,0,0,0,-3552,1087,-1828,50.108
2026-03-13 17:00:09.039000+00:00,0,0,0,-3560,1099,-1796,50.186
2026-03-13 17:00:09.077000+00:00,0,0,0,-3567,1111,-1805,50.224
2026-03-13 17:00:09.116000+00:00,0,0,0,-3557,1098,-1805,50.263
2026-03-13 17:00:09.155000+00:00,0,0,0,-3554,1088,-1813,50.302
2026-03-13 17:00:09.193000+00:00,0,0,0,-3562,1077,-1806,50.34
2026-03-13 17:00:09.232000+00:00,0,0,0,-3562,1080,-1810,50.379
2026-03-13 17:00:09.271000+00:00,0,0,0,-3556,1089,-1809,50.418
2026-03-13 17:00:09.309000+00:00,0,0,0,-3570,1094,-1808,50.456
2026-03-13 17:00:09.348000+00:00,0,0,0,-3560,1099,-1805,50.495
2026-03-13 17:00:09.387000+00:00,0,0,0,-3557,1101,-1802,50.534
2026-03-13 17:00:09.425000+00:00,0,0,0,-3565,1101,-1807,50.572
2026-03-13 17:00:09.464000+00:00,0,0,0,-3560,1095,-1807,50.611
2026-03-13 17:00:09.503000+00:00,0,0,0,-3558,1088,-1805,50.65
2026-03-13 17:00:09.542000+00:00,0,0,0,-3559,1095,-1812,50.689
2026-03-13 17:00:09.581000+00:00,0,0,0,-3559,1095,-1812,50.728
2026-03-13 17:00:09.619000+00:00,0,0,0,-3560,1095,-1821,50.766
2026-03-13 17:00:09.658000+00:00,0,0,0,-3564,1097,-1816,50.805
2026-03-13 17:00:09.697000+00:00,0,0,0,-3558,1093,-1791,50.844
2026-03-13 17:00:09.735000+00:00,0,0,0,-3558,1087,-1796,50.882
2026-03-13 17:00:09.774000+00:00,0,0,0,-3556,1084,-1809,50.921
2026-03-13 17:00:09.813000+00:00,0,0,0,-3568,1087,-1832,50.96
2026-03-13 17:00:09.851000+00:00,0,0,0,-3558,1101,-1816,50.998
2026-03-13 17:00:09.890000+00:00,0,0,0,-3565,1095,-1798,51.037
2026-03-13 17:00:09.929000+00:00,0,0,0,-3562,1094,-1790,51.076
2026-03-13 17:00:09.967000+00:00,0,0,0,-3551,1097,-1801,51.114
2026-03-13 17:00:10.008000+00:00,0,0,0,-3559,1101,-1827,51.155
2026-03-13 17:00:10.045000+00:00,0,0,0,-3558,1096,-1820,51.192
2026-03-13 17:00:10.084000+00:00,0,0,0,-3557,1091,-1801,51.231
2026-03-13 17:00:10.122000+00:00,0,0,0,-3561,1088,-1792,51.269
2026-03-13 17:00:10.161000+00:00,0,0,0,-3560,1100,-1805,51.308
2026-03-13 17:00:10.200000+00:00,0,0,0,-3564,1104,-1817,51.347
2026-03-13 17:00:10.238000+00:00,0,0,0,-3555,1097,-1822,51.385
2026-03-13 17:00:10.277000+00:00,0,0,0,-3549,1082,-1803,51.424
2026-03-13 17:00:10.316000+00:00,0,0,0,-3572,1092,-1810,51.463
2026-03-13 17:00:10.365000+00:00,0,0,0,-3558,1094,-1799,51.512
2026-03-13 17:00:10.393000+00:00,0,0,0,-3567,1096,-1785,51.54
2026-03-13 17:00:10.432000+00:00,0,0,0,-3563,1094,-1794,51.579
2026-03-13 17:00:10.470000+00:00,0,0,0,-3540,1103,-1827,51.617
2026-03-13 17:00:10.509000+00:00,0,0,0,-3556,1093,-1832,51.656
2026-03-13 17:00:10.548000+00:00,0,0,0,-3558,1109,-1829,51.695
2026-03-13 17:00:10.586000+00:00,0,0,0,-3562,1099,-1795,51.733
2026-03-13 17:00:10.625000+00:00,0,0,0,-3567,1090,-1790,51.772
2026-03-13 17:00:10.664000+00:00,0,0,0,-3565,1073,-1790,51.811
2026-03-13 17:00:10.703000+00:00,0,0,0,-3551,1081,-1816,51.85
2026-03-13 17:00:10.741000+00:00,0,0,0,-3555,1092,-1836,51.888
2026-03-13 17:00:10.780000+00:00,0,0,0,-3558,1096,-1809,51.927
2026-03-13 17:00:10.819000+00:00,0,0,0,-3559,1110,-1795,51.966
2026-03-13 17:00:10.857000+00:00,0,0,0,-3562,1108,-1788,52.004
2026-03-13 17:00:10.896000+00:00,0,0,0,-3563,1104,-1814,52.043
2026-03-13 17:00:10.935000+00:00,0,0,0,-3558,1095,-1827,52.082
2026-03-13 17:00:10.973000+00:00,0,0,0,-3553,1084,-1817,52.12
2026-03-13 17:00:11.012000+00:00,0,0,0,-3559,1090,-1802,52.159
2026-03-13 17:00:11.051000+00:00,0,0,0,-3566,1089,-1795,52.198
2026-03-13 17:00:11.089000+00:00,0,0,0,-3564,1097,-1805,52.236
2026-03-13 17:00:11.128000+00:00,0,0,0,-3562,1092,-1816,52.275
2026-03-13 17:00:11.167000+00:00,0,0,0,-3558,1095,-1817,52.314
2026-03-13 17:00:11.206000+00:00,0,0,0,-3554,1094,-1813,52.353
2026-03-13 17:00:11.244000+00:00,0,0,0,-3554,1089,-1809,52.391
2026-03-13 17:00:11.283000+00:00,0,0,0,-3573,1096,-1800,52.43
2026-03-13 17:00:11.322000+00:00,0,0,0,-3556,1101,-1791,52.469
2026-03-13 17:00:11.360000+00:00,0,0,0,-3551,1112,-1800,52.507
2026-03-13 17:00:11.399000+00:00,0,0,0,-3560,1104,-1818,52.546
2026-03-13 17:00:11.447000+00:00,0,0,0,-3555,1098,-1828,52.594
2026-03-13 17:00:11.476000+00:00,0,0,0,-3552,1091,-1827,52.623
2026-03-13 17:00:11.515000+00:00,0,0,0,-3568,1088,-1793,52.662
2026-03-13 17:00:11.554000+00:00,0,0,0,-3558,1094,-1795,52.701
2026-03-13 17:00:11.592000+00:00,0,0,0,-3542,1096,-1808,52.739
2026-03-13 17:00:11.631000+00:00,0,0,0,-3567,1104,-1827,52.778
2026-03-13 17:00:11.670000+00:00,0,0,0,-3546,1109,-1829,52.817
2026-03-13 17:00:11.708000+00:00,0,0,0,-3564,1102,-1808,52.855
2026-03-13 17:00:11.747000+00:00,0,0,0,-3559,1098,-1801,52.894
2026-03-13 17:00:11.786000+00:00,0,0,0,-3555,1090,-1800,52.933
2026-03-13 17:00:11.825000+00:00,0,0,0,-3549,1093,-1822,52.972
2026-03-13 17:00:11.863000+00:00,0,0,0,-3556,1104,-1834,53.01
2026-03-13 17:00:11.902000+00:00,0,0,0,-3553,1098,-1826,53.049
2026-03-13 17:00:11.941000+00:00,0,0,0,-3557,1101,-1798,53.088
2026-03-13 17:00:11.979000+00:00,0,0,0,-3561,1098,-1790,53.126
2026-03-13 17:00:12.018000+00:00,0,0,0,-3553,1098,-1816,53.165
2026-03-13 17:00:12.057000+00:00,0,0,0,-3556,1100,-1823,53.204
2026-03-13 17:00:12.095000+00:00,0,0,0,-3550,1102,-1825,53.242
2026-03-13 17:00:12.134000+00:00,0,0,0,-3551,1098,-1814,53.281
2026-03-13 17:00:12.173000+00:00,0,0,0,-3567,1097,-1802,53.32
2026-03-13 17:00:12.211000+00:00,0,0,0,-3547,1092,-1814,53.358
2026-03-13 17:00:12.250000+00:00,0,0,0,-3551,1097,-1825,53.397
,0,0,0,-3548,1345,-1629,
,0,0,0,-3565,1089,-1817,
