Channel,Hardware Channel,WindowStartIdx,WindowEndIdx,WindowStartSec,WindowEndSec,Mean,Std,Skewness,Day,Experiment,Wavelength,SkinTone,Orientation,Pol
Unpolarized_A_Green,C5,0,500,0.0,10.0,-3.979039320256561e-16,51.64285980801071,6.308071962477177,Day_4,Experiment_3,IR,Fair,0,Og. Pol
Unpolarized_A_Green,C5,50,550,1.0,11.0,5.684341886080802e-17,51.29414625433454,6.3212466471164035,Day_4,Experiment_3,IR,Fair,0,Og. Pol
Unpolarized_A_Green,C5,100,600,2.0,12.0,-2.842170943040401e-17,14.895688207583548,4.345432989334698,Day_4,Experiment_3,IR,Fair,0,Og. Pol
Unpolarized_A_Green,C5,150,650,3.0,13.0,-5.684341886080802e-17,7.872005696806543,0.0100442070115624,Day_4,Experiment_3,IR,Fair,0,Og. Pol
Unpolarized_A_Green,C5,200,700,4.0,14.0,-2.5579538487363605e-16,7.8970627237042414,0.0633093907499413,Day_4,Experiment_3,IR,Fair,0,Og. Pol
Unpolarized_A_Green,C5,250,750,5.0,15.0,7.105427357601002e-17,7.916499572368122,0.0337250832337976,Day_4,Experiment_3,IR,Fair,0,Og. Pol
Unpolarized_A_Green,C5,300,800,6.0,16.0,-2.984279490192421e-16,8.064012507737528,-0.0091844972340885,Day_4,Experiment_3,IR,Fair,0,Og. Pol
Unpolarized_A_Green,C5,350,850,7.0,17.0,1.3500311979441903e-16,8.133846875099529,-0.0738231908589453,Day_4,Experiment_3,IR,Fair,0,Og. Pol
Unpolarized_A_Green,C5,400,900,8.0,18.0,2.842170943040401e-17,8.18574016322599,-0.1260092695077512,Day_4,Experiment_3,IR,Fair,0,Og. Pol
Unpolarized_A_Green,C5,450,950,9.0,19.0,1.5631940186722203e-16,8.524597917646576,-0.0106411576689097,Day_4,Experiment_3,IR,Fair,0,Og. Pol
Unpolarized_A_Green,C5,500,1000,10.0,20.0,0.0,8.151961126765633,-0.0185468470644183,Day_4,Experiment_3,IR,Fair,0,Og. Pol
Unpolarized_A_Green,C5,550,1050,11.0,21.0,-1.4210854715202004e-16,8.394520795150049,-0.0860270466176396,Day_4,Experiment_3,IR,Fair,0,Og. Pol
Unpolarized_A_Green,C5,600,1100,12.0,22.0,5.684341886080802e-17,8.291428535096967,-0.0845319245597387,Day_4,Experiment_3,IR,Fair,0,Og. Pol
Unpolarized_A_Green,C5,650,1150,13.0,23.0,0.0,8.012291252657706,-0.1044440021800732,Day_4,Experiment_3,IR,Fair,0,Og. Pol
Unpolarized_A_Green,C5,700,1200,14.0,24.0,5.684341886080802e-17,8.586316186659072,0.0141673448669696,Day_4,Experiment_3,IR,Fair,0,Og. Pol
Unpolarized_A_Green,C5,750,1250,15.0,25.0,1.8474111129762604e-16,8.603749168295028,-0.0193423868618388,Day_4,Experiment_3,IR,Fair,0,Og. Pol
Unpolarized_A_Green,C5,800,1300,16.0,26.0,1.4210854715202004e-17,8.664447554628,-0.0240458228266855,Day_4,Experiment_3,IR,Fair,0,Og. Pol
Unpolarized_A_Green,C5,850,1350,17.0,27.0,2.614797267597169e-15,69.67816554336342,7.705953599700978,Day_4,Experiment_3,IR,Fair,0,Og. Pol
Unpolarized_A_Green,C5,900,1400,18.0,28.0,1.5631940186722203e-16,62.36695639491241,7.184487683855521,Day_4,Experiment_3,IR,Fair,0,Og. Pol
Unpolarized_A_Green,C5,950,1450,19.0,29.0,-4.1211478674085813e-16,62.63622845900195,7.3063700904639965,Day_4,Experiment_3,IR,Fair,0,Og. Pol
Unpolarized_A_Green,C5,1000,1500,20.0,30.0,1.70530256582424e-16,75.98721656113169,5.43487365512262,Day_4,Experiment_3,IR,Fair,0,Og. Pol
Unpolarized_A_Green,C5,1050,1550,21.0,31.0,0.0,76.35630002298183,5.655568577364263,Day_4,Experiment_3,IR,Fair,0,Og. Pol
Unpolarized_A_Green,C5,1100,1600,22.0,32.0,-1.1368683772161605e-15,77.76252958788326,5.416453055847791,Day_4,Experiment_3,IR,Fair,0,Og. Pol
Unpolarized_A_Green,C5,1150,1650,23.0,33.0,-1.1368683772161603e-16,79.92358553221689,4.980878493184465,Day_4,Experiment_3,IR,Fair,0,Og. Pol
Unpolarized_A_Green,C5,1200,1700,24.0,34.0,-3.410605131648481e-16,79.08625286063607,5.218598706789011,Day_4,Experiment_3,IR,Fair,0,Og. Pol
Unpolarized_A_Green,C5,1250,1750,25.0,35.0,1.1368683772161603e-16,79.0780276855244,5.246522278114889,Day_4,Experiment_3,IR,Fair,0,Og. Pol
Unpolarized_A_Green,C5,1300,1800,26.0,36.0,3.410605131648481e-16,79.05816617242441,5.286916661497854,Day_4,Experiment_3,IR,Fair,0,Og. Pol
Unpolarized_A_Green,C5,1350,1850,27.0,37.0,9.094947017729285e-16,52.84065835401511,5.686160788948776,Day_4,Experiment_3,IR,Fair,0,Og. Pol
Unpolarized_A_Green,C5,1400,1900,28.0,38.0,-8.526512829121202e-16,49.28674069071206,6.7763391787586436,Day_4,Experiment_3,IR,Fair,0,Og. Pol
Unpolarized_A_Green,C5,1450,1950,29.0,39.0,-2.0463630789890884e-15,47.95516547267224,5.375111593793684,Day_4,Experiment_3,IR,Fair,0,Og. Pol
Unpolarized_A_Green,C5,1500,2000,30.0,40.0,5.684341886080802e-17,22.1607605278816,5.39974914526187,Day_4,Experiment_3,IR,Fair,0,Og. Pol
Unpolarized_A_Red,C2,0,500,0.0,10.0,-1.5916157281026244e-15,94.6689368699566,2.805598827393016,Day_4,Experiment_3,IR,Fair,0,Og. Pol
Unpolarized_A_Red,C2,50,550,1.0,11.0,-1.2789769243681805e-15,94.68990216705292,2.7908800246447627,Day_4,Experiment_3,IR,Fair,0,Og. Pol
Unpolarized_A_Red,C2,100,600,2.0,12.0,-3.979039320256561e-16,94.74969848701672,2.7700523978867224,Day_4,Experiment_3,IR,Fair,0,Og. Pol
Unpolarized_A_Red,C2,150,650,3.0,13.0,-2.2737367544323206e-16,94.75419713193578,2.75338515794716,Day_4,Experiment_3,IR,Fair,0,Og. Pol
Unpolarized_A_Red,C2,200,700,4.0,14.0,-4.547473508864641e-15,95.87391198790432,3.513878957141202,Day_4,Experiment_3,IR,Fair,0,Og. Pol
Unpolarized_A_Red,C2,250,750,5.0,15.0,-1.4210854715202004e-17,9.759307198559174,0.3503042668137882,Day_4,Experiment_3,IR,Fair,0,Og. Pol
Unpolarized_A_Red,C2,300,800,6.0,16.0,-1.1368683772161603e-16,10.279460826585272,0.0511150430369297,Day_4,Experiment_3,IR,Fair,0,Og. Pol
Unpolarized_A_Red,C2,350,850,7.0,17.0,-1.70530256582424e-16,9.808277730184242,0.1689302944303352,Day_4,Experiment_3,IR,Fair,0,Og. Pol
Unpolarized_A_Red,C2,400,900,8.0,18.0,-4.973799150320702e-17,9.349306750327758,0.1619481335701606,Day_4,Experiment_3,IR,Fair,0,Og. Pol
Unpolarized_A_Red,C2,450,950,9.0,19.0,1.2079226507921704e-16,8.920210849572124,0.2248533428969103,Day_4,Experiment_3,IR,Fair,0,Og. Pol
Unpolarized_A_Red,C2,500,1000,10.0,20.0,1.0231815394945442e-15,9.36700821146242,0.0055761926399634,Day_4,Experiment_3,IR,Fair,0,Og. Pol
Unpolarized_A_Red,C2,550,1050,11.0,21.0,0.0,8.979450936040204,0.0124668196091806,Day_4,Experiment_3,IR,Fair,0,Og. Pol
Unpolarized_A_Red,C2,600,1100,12.0,22.0,-1.9895196601282808e-16,8.039932065789964,0.2272400782966226,Day_4,Experiment_3,IR,Fair,0,Og. Pol
Unpolarized_A_Red,C2,650,1150,13.0,23.0,-1.4210854715202004e-17,9.117945721506675,0.630171104586896,Day_4,Experiment_3,IR,Fair,0,Og. Pol
Unpolarized_A_Red,C2,700,1200,14.0,24.0,3.410605131648481e-16,9.22116096839441,0.5820838347164896,Day_4,Experiment_3,IR,Fair,0,Og. Pol
Unpolarized_A_Red,C2,750,1250,15.0,25.0,-8.5265128291212e-17,8.903183053068885,0.6480371487861617,Day_4,Experiment_3,IR,Fair,0,Og. Pol
Unpolarized_A_Red,C2,800,1300,16.0,26.0,2.4158453015843413e-16,8.89455115064977,0.4375662514040505,Day_4,Experiment_3,IR,Fair,0,Og. Pol
Unpolarized_A_Red,C2,850,1350,17.0,27.0,2.5579538487363605e-16,8.888564673210986,0.5409571805783427,Day_4,Experiment_3,IR,Fair,0,Og. Pol
Unpolarized_A_Red,C2,900,1400,18.0,28.0,-5.684341886080802e-17,9.532055612295313,0.6028521458673711,Day_4,Experiment_3,IR,Fair,0,Og. Pol
Unpolarized_A_Red,C2,950,1450,19.0,29.0,4.973799150320702e-17,9.951714957322462,0.6888657318285053,Day_4,Experiment_3,IR,Fair,0,Og. Pol
Unpolarized_A_Red,C2,1000,1500,20.0,30.0,-6.821210263296962e-16,44.43169511616963,0.6258973597414125,Day_4,Experiment_3,IR,Fair,0,Og. Pol
Unpolarized_A_Red,C2,1050,1550,21.0,31.0,-2.2737367544323206e-16,45.00424347017176,-0.1553958880530605,Day_4,Experiment_3,IR,Fair,0,Og. Pol
Unpolarized_A_Red,C2,1100,1600,22.0,32.0,-6.5369931689929285e-16,45.06042082033079,-0.2197684272351339,Day_4,Experiment_3,IR,Fair,0,Og. Pol
Unpolarized_A_Red,C2,1150,1650,23.0,33.0,-5.6843418860808095e-16,44.988983392504174,-0.1958100255725313,Day_4,Experiment_3,IR,Fair,0,Og. Pol
Unpolarized_A_Red,C2,1200,1700,24.0,34.0,0.0,45.12433805748895,-0.2079662692764191,Day_4,Experiment_3,IR,Fair,0,Og. Pol
Unpolarized_A_Red,C2,1250,1750,25.0,35.0,-2.2737367544323206e-16,45.11835230489619,-0.1805754816653106,Day_4,Experiment_3,IR,Fair,0,Og. Pol
Unpolarized_A_Red,C2,1300,1800,26.0,36.0,2.842170943040401e-16,45.05437165003092,-0.2067896552222384,Day_4,Experiment_3,IR,Fair,0,Og. Pol
Unpolarized_A_Red,C2,1350,1850,27.0,37.0,-1.9895196601282808e-16,45.20320669895017,-0.2424086590728618,Day_4,Experiment_3,IR,Fair,0,Og. Pol
Unpolarized_A_Red,C2,1400,1900,28.0,38.0,-3.410605131648481e-16,45.12749213839855,-0.3273974388642096,Day_4,Experiment_3,IR,Fair,0,Og. Pol
Unpolarized_A_Red,C2,1450,1950,29.0,39.0,0.0,45.09543427682956,0.8376473590708332,Day_4,Experiment_3,IR,Fair,0,Og. Pol
Unpolarized_A_Red,C2,1500,2000,30.0,40.0,1.5631940186722203e-16,10.041602086571055,-0.196286559261474,Day_4,Experiment_3,IR,Fair,0,Og. Pol
Unpolarized_A_IR,C4,0,500,0.0,10.0,1.4210854715202004e-16,90.0200474215453,0.8630289424724571,Day_4,Experiment_3,IR,Fair,0,Og. Pol
Unpolarized_A_IR,C4,50,550,1.0,11.0,2.842170943040401e-17,90.09057328456664,0.8516556789448546,Day_4,Experiment_3,IR,Fair,0,Og. Pol
Unpolarized_A_IR,C4,100,600,2.0,12.0,9.663381206337365e-16,90.15072611670016,0.1734446443460376,Day_4,Experiment_3,IR,Fair,0,Og. Pol
Unpolarized_A_IR,C4,150,650,3.0,13.0,-1.0800249583553525e-15,20.60261875496293,-2.147071491668014,Day_4,Experiment_3,IR,Fair,0,Og. Pol
Unpolarized_A_IR,C4,200,700,4.0,14.0,-2.7000623958883806e-16,15.23968150597393,-0.3556993301941618,Day_4,Experiment_3,IR,Fair,0,Og. Pol
Unpolarized_A_IR,C4,250,750,5.0,15.0,-1.1368683772161605e-15,15.528512735842703,-0.3005834730857614,Day_4,Experiment_3,IR,Fair,0,Og. Pol
Unpolarized_A_IR,C4,300,800,6.0,16.0,3.979039320256561e-16,14.874526956822727,-0.3915296099008675,Day_4,Experiment_3,IR,Fair,0,Og. Pol
Unpolarized_A_IR,C4,350,850,7.0,17.0,-1.9895196601282808e-16,14.902957906519129,-0.3873758109438476,Day_4,Experiment_3,IR,Fair,0,Og. Pol
Unpolarized_A_IR,C4,400,900,8.0,18.0,2.8421709430404013e-16,15.088185292309252,-0.3689680913396554,Day_4,Experiment_3,IR,Fair,0,Og. Pol
Unpolarized_A_IR,C4,450,950,9.0,19.0,-3.410605131648481e-16,15.678170535492368,-0.1955150396288266,Day_4,Experiment_3,IR,Fair,0,Og. Pol
Unpolarized_A_IR,C4,500,1000,10.0,20.0,3.1263880373444406e-16,15.091672512181326,-0.3866396327133953,Day_4,Experiment_3,IR,Fair,0,Og. Pol
Unpolarized_A_IR,C4,550,1050,11.0,21.0,-1.1368683772161603e-16,14.453167988650856,-0.3933497205669594,Day_4,Experiment_3,IR,Fair,0,Og. Pol
Unpolarized_A_IR,C4,600,1100,12.0,22.0,-5.684341886080802e-17,15.04490402259245,-0.3235093686095321,Day_4,Experiment_3,IR,Fair,0,Og. Pol
Unpolarized_A_IR,C4,650,1150,13.0,23.0,6.679101716144942e-16,14.58685511200714,-0.2270665309016521,Day_4,Experiment_3,IR,Fair,0,Og. Pol
Unpolarized_A_IR,C4,700,1200,14.0,24.0,5.115907697472721e-16,14.912216265765728,-0.0700667754420792,Day_4,Experiment_3,IR,Fair,0,Og. Pol
Unpolarized_A_IR,C4,750,1250,15.0,25.0,3.836930773104541e-16,14.720919884680734,-0.2342138844496129,Day_4,Experiment_3,IR,Fair,0,Og. Pol
Unpolarized_A_IR,C4,800,1300,16.0,26.0,-1.4210854715202004e-17,14.596782885542128,-0.2204385481287994,Day_4,Experiment_3,IR,Fair,0,Og. Pol
Unpolarized_A_IR,C4,850,1350,17.0,27.0,3.6948222259525213e-16,13.976043143670555,-0.2663350035749456,Day_4,Experiment_3,IR,Fair,0,Og. Pol
Unpolarized_A_IR,C4,900,1400,18.0,28.0,-2.273736754432321e-15,84.90818251352711,-2.157514147242529,Day_4,Experiment_3,IR,Fair,0,Og. Pol
Unpolarized_A_IR,C4,950,1450,19.0,29.0,8.810729923425242e-16,81.99645732988098,-0.2849007638427884,Day_4,Experiment_3,IR,Fair,0,Og. Pol
Unpolarized_A_IR,C4,1000,1500,20.0,30.0,9.663381206337365e-16,83.95055600362163,-0.2629439072774092,Day_4,Experiment_3,IR,Fair,0,Og. Pol
Unpolarized_A_IR,C4,1050,1550,21.0,31.0,1.1368683772161603e-16,83.41166027684808,-0.266958683969358,Day_4,Experiment_3,IR,Fair,0,Og. Pol
Unpolarized_A_IR,C4,1100,1600,22.0,32.0,-2.8421709430404013e-16,83.52008855732761,-0.2663018471475801,Day_4,Experiment_3,IR,Fair,0,Og. Pol
Unpolarized_A_IR,C4,1150,1650,23.0,33.0,3.183231456205249e-15,92.69191354581066,0.050908479356161,Day_4,Experiment_3,IR,Fair,0,Og. Pol
Unpolarized_A_IR,C4,1200,1700,24.0,34.0,-1.1937117960769684e-15,90.61347594528776,-0.7453279764007489,Day_4,Experiment_3,IR,Fair,0,Og. Pol
Unpolarized_A_IR,C4,1250,1750,25.0,35.0,-1.0800249583553525e-15,90.6258539971342,-0.7225954445942652,Day_4,Experiment_3,IR,Fair,0,Og. Pol
Unpolarized_A_IR,C4,1300,1800,26.0,36.0,-6.252776074688881e-16,90.61395603204237,-0.7282877120862555,Day_4,Experiment_3,IR,Fair,0,Og. Pol
Unpolarized_A_IR,C4,1350,1850,27.0,37.0,5.115907697472721e-16,90.64422837324034,-0.4735534000525572,Day_4,Experiment_3,IR,Fair,0,Og. Pol
Unpolarized_A_IR,C4,1400,1900,28.0,38.0,2.2737367544323206e-16,46.94302221925766,-3.6677792564466087,Day_4,Experiment_3,IR,Fair,0,Og. Pol
Unpolarized_A_IR,C4,1450,1950,29.0,39.0,7.958078640513122e-16,41.2138615141748,-4.961295580982641,Day_4,Experiment_3,IR,Fair,0,Og. Pol
Unpolarized_A_IR,C4,1500,2000,30.0,40.0,9.663381206337365e-16,37.77311627335848,-7.169564559711938,Day_4,Experiment_3,IR,Fair,0,Og. Pol
Unpolarized_B_Green,C11,0,500,0.0,10.0,-2.842170943040401e-17,16.358733908319117,1.2417130988611111,Day_4,Experiment_3,IR,Fair,0,Og. Pol
Unpolarized_B_Green,C11,50,550,1.0,11.0,-1.70530256582424e-16,16.059897355941825,1.491987287838682,Day_4,Experiment_3,IR,Fair,0,Og. Pol
Unpolarized_B_Green,C11,100,600,2.0,12.0,3.1263880373444406e-16,12.083391920642972,-0.1837540704281661,Day_4,Experiment_3,IR,Fair,0,Og. Pol
Unpolarized_B_Green,C11,150,650,3.0,13.0,-2.842170943040401e-16,12.120804083087087,-0.0849646350071111,Day_4,Experiment_3,IR,Fair,0,Og. Pol
Unpolarized_B_Green,C11,200,700,4.0,14.0,-1.5631940186722203e-16,11.93292541855809,-0.1329757683677993,Day_4,Experiment_3,IR,Fair,0,Og. Pol
Unpolarized_B_Green,C11,250,750,5.0,15.0,-1.4210854715202004e-16,12.21424208131599,-0.1981774782515752,Day_4,Experiment_3,IR,Fair,0,Og. Pol
Unpolarized_B_Green,C11,300,800,6.0,16.0,1.1368683772161603e-16,12.37754707875176,-0.2264131260213856,Day_4,Experiment_3,IR,Fair,0,Og. Pol
Unpolarized_B_Green,C11,350,850,7.0,17.0,1.1368683772161603e-16,12.728027227260023,-0.0871006296533938,Day_4,Experiment_3,IR,Fair,0,Og. Pol
Unpolarized_B_Green,C11,400,900,8.0,18.0,8.5265128291212e-17,12.210022774292124,-0.2036091276454193,Day_4,Experiment_3,IR,Fair,0,Og. Pol
Unpolarized_B_Green,C11,450,950,9.0,19.0,-2.842170943040401e-16,12.299330673726908,-0.2636656459672186,Day_4,Experiment_3,IR,Fair,0,Og. Pol
Unpolarized_B_Green,C11,500,1000,10.0,20.0,4.263256414560601e-16,12.73914024211082,-0.2711051284946776,Day_4,Experiment_3,IR,Fair,0,Og. Pol
Unpolarized_B_Green,C11,550,1050,11.0,21.0,1.8474111129762604e-16,12.497940436073158,-0.3152097496018148,Day_4,Experiment_3,IR,Fair,0,Og. Pol
Unpolarized_B_Green,C11,600,1100,12.0,22.0,2.2737367544323206e-16,12.41727071548842,-0.3188169111870916,Day_4,Experiment_3,IR,Fair,0,Og. Pol
Unpolarized_B_Green,C11,650,1150,13.0,23.0,-1.9895196601282808e-16,12.305073998997225,-0.2869267809751052,Day_4,Experiment_3,IR,Fair,0,Og. Pol
Unpolarized_B_Green,C11,700,1200,14.0,24.0,-8.5265128291212e-17,12.401072009584237,-0.1818460033017369,Day_4,Experiment_3,IR,Fair,0,Og. Pol
Unpolarized_B_Green,C11,750,1250,15.0,25.0,-1.1368683772161603e-16,12.25002101581713,-0.2464779769470666,Day_4,Experiment_3,IR,Fair,0,Og. Pol
Unpolarized_B_Green,C11,800,1300,16.0,26.0,-7.815970093361102e-17,12.370216966214072,-0.3084713507942386,Day_4,Experiment_3,IR,Fair,0,Og. Pol
Unpolarized_B_Green,C11,850,1350,17.0,27.0,5.400124791776761e-16,16.32297443713712,2.2620431115328867,Day_4,Experiment_3,IR,Fair,0,Og. Pol
Unpolarized_B_Green,C11,900,1400,18.0,28.0,3.6948222259525213e-16,15.86719104735601,0.4438537393790219,Day_4,Experiment_3,IR,Fair,0,Og. Pol
Unpolarized_B_Green,C11,950,1450,19.0,29.0,-5.258016244624741e-16,15.815398517065146,0.5997938484658765,Day_4,Experiment_3,IR,Fair,0,Og. Pol
Unpolarized_B_Green,C11,1000,1500,20.0,30.0,-2.7000623958883806e-16,16.369764985404096,0.826613472672244,Day_4,Experiment_3,IR,Fair,0,Og. Pol
Unpolarized_B_Green,C11,1050,1550,21.0,31.0,2.4158453015843413e-16,16.468828668083553,0.8975809407906178,Day_4,Experiment_3,IR,Fair,0,Og. Pol
Unpolarized_B_Green,C11,1100,1600,22.0,32.0,-2.984279490192421e-16,16.969866268168946,0.7791634054822997,Day_4,Experiment_3,IR,Fair,0,Og. Pol
Unpolarized_B_Green,C11,1150,1650,23.0,33.0,1.0516032489249482e-15,17.20736542052131,0.7818192268551418,Day_4,Experiment_3,IR,Fair,0,Og. Pol
Unpolarized_B_Green,C11,1200,1700,24.0,34.0,-2.7000623958883806e-16,16.63057102708747,0.770344615531869,Day_4,Experiment_3,IR,Fair,0,Og. Pol
Unpolarized_B_Green,C11,1250,1750,25.0,35.0,5.684341886080802e-17,16.480606443549718,0.9164264232735329,Day_4,Experiment_3,IR,Fair,0,Og. Pol
Unpolarized_B_Green,C11,1300,1800,26.0,36.0,-3.979039320256561e-16,16.81746253427898,0.6778174799097922,Day_4,Experiment_3,IR,Fair,0,Og. Pol
Unpolarized_B_Green,C11,1350,1850,27.0,37.0,-8.5265128291212e-17,14.666228940510011,0.6985573829874688,Day_4,Experiment_3,IR,Fair,0,Og. Pol
Unpolarized_B_Green,C11,1400,1900,28.0,38.0,-3.979039320256561e-16,13.412061489023683,0.2838223910843614,Day_4,Experiment_3,IR,Fair,0,Og. Pol
Unpolarized_B_Green,C11,1450,1950,29.0,39.0,-3.6948222259525213e-16,13.66236640842118,0.332745184023984,Day_4,Experiment_3,IR,Fair,0,Og. Pol
Unpolarized_B_Green,C11,1500,2000,30.0,40.0,-8.5265128291212e-17,13.149176540107383,-0.1684933812307511,Day_4,Experiment_3,IR,Fair,0,Og. Pol
Unpolarized_B_Red,C8,0,500,0.0,10.0,-5.684341886080802e-17,20.503338615593343,-0.3345050704397012,Day_4,Experiment_3,IR,Fair,0,Og. Pol
Unpolarized_B_Red,C8,50,550,1.0,11.0,-8.5265128291212e-17,20.188239434504787,-0.218783424964627,Day_4,Experiment_3,IR,Fair,0,Og. Pol
Unpolarized_B_Red,C8,100,600,2.0,12.0,1.9895196601282808e-16,20.062687166622997,-0.1650403356316906,Day_4,Experiment_3,IR,Fair,0,Og. Pol
Unpolarized_B_Red,C8,150,650,3.0,13.0,-4.547473508864641e-16,20.623807499290525,-0.27546071263027,Day_4,Experiment_3,IR,Fair,0,Og. Pol
Unpolarized_B_Red,C8,200,700,4.0,14.0,1.70530256582424e-16,21.208466707249965,-0.2751925887114322,Day_4,Experiment_3,IR,Fair,0,Og. Pol
Unpolarized_B_Red,C8,250,750,5.0,15.0,-5.115907697472721e-16,20.31233336170805,-0.3234726578274826,Day_4,Experiment_3,IR,Fair,0,Og. Pol
Unpolarized_B_Red,C8,300,800,6.0,16.0,2.8421709430404013e-16,20.28084162618915,-0.3372321971368036,Day_4,Experiment_3,IR,Fair,0,Og. Pol
Unpolarized_B_Red,C8,350,850,7.0,17.0,-4.263256414560601e-16,19.877206791028247,-0.2713437391334934,Day_4,Experiment_3,IR,Fair,0,Og. Pol
Unpolarized_B_Red,C8,400,900,8.0,18.0,6.394884621840901e-17,19.51501184419469,-0.2021077290628089,Day_4,Experiment_3,IR,Fair,0,Og. Pol
Unpolarized_B_Red,C8,450,950,9.0,19.0,-5.115907697472721e-16,19.88784533614516,-0.2232538466639664,Day_4,Experiment_3,IR,Fair,0,Og. Pol
Unpolarized_B_Red,C8,500,1000,10.0,20.0,1.0231815394945442e-15,20.232661218226575,-0.20016610281899,Day_4,Experiment_3,IR,Fair,0,Og. Pol
Unpolarized_B_Red,C8,550,1050,11.0,21.0,-2.8421709430404013e-16,19.432719052333717,-0.2558449371988631,Day_4,Experiment_3,IR,Fair,0,Og. Pol
Unpolarized_B_Red,C8,600,1100,12.0,22.0,1.4210854715202004e-17,19.509089832005113,-0.2492181916924385,Day_4,Experiment_3,IR,Fair,0,Og. Pol
Unpolarized_B_Red,C8,650,1150,13.0,23.0,3.552713678800501e-16,19.19880549094884,-0.2497147432240116,Day_4,Experiment_3,IR,Fair,0,Og. Pol
Unpolarized_B_Red,C8,700,1200,14.0,24.0,4.547473508864641e-16,19.405331788691452,-0.3189254685283643,Day_4,Experiment_3,IR,Fair,0,Og. Pol
Unpolarized_B_Red,C8,750,1250,15.0,25.0,7.3896444519050485e-16,19.47252810625431,-0.390751299511372,Day_4,Experiment_3,IR,Fair,0,Og. Pol
Unpolarized_B_Red,C8,800,1300,16.0,26.0,-7.105427357601002e-18,19.453196176229604,-0.3446800031190872,Day_4,Experiment_3,IR,Fair,0,Og. Pol
Unpolarized_B_Red,C8,850,1350,17.0,27.0,4.831690603168689e-16,19.709447786061443,-0.3301080030020974,Day_4,Experiment_3,IR,Fair,0,Og. Pol
Unpolarized_B_Red,C8,900,1400,18.0,28.0,1.5631940186722203e-16,19.45716289570733,-0.3473974300616294,Day_4,Experiment_3,IR,Fair,0,Og. Pol
Unpolarized_B_Red,C8,950,1450,19.0,29.0,8.2422957348171675e-16,20.227580559843627,-0.2523365802987865,Day_4,Experiment_3,IR,Fair,0,Og. Pol
Unpolarized_B_Red,C8,1000,1500,20.0,30.0,-1.4210854715202004e-16,20.866123283917187,-0.2588947684484305,Day_4,Experiment_3,IR,Fair,0,Og. Pol
Unpolarized_B_Red,C8,1050,1550,21.0,31.0,-1.1368683772161603e-16,20.789297832102857,-0.32140329621052,Day_4,Experiment_3,IR,Fair,0,Og. Pol
Unpolarized_B_Red,C8,1100,1600,22.0,32.0,1.70530256582424e-16,22.213959609470628,-0.4824867224320681,Day_4,Experiment_3,IR,Fair,0,Og. Pol
Unpolarized_B_Red,C8,1150,1650,23.0,33.0,1.1368683772161603e-16,22.265068131951775,-0.4899911482002291,Day_4,Experiment_3,IR,Fair,0,Og. Pol
Unpolarized_B_Red,C8,1200,1700,24.0,34.0,-3.6948222259525213e-16,22.284588411232285,-0.4468466169486091,Day_4,Experiment_3,IR,Fair,0,Og. Pol
Unpolarized_B_Red,C8,1250,1750,25.0,35.0,0.0,22.187601178687174,-0.4672877429331068,Day_4,Experiment_3,IR,Fair,0,Og. Pol
Unpolarized_B_Red,C8,1300,1800,26.0,36.0,2.2737367544323206e-16,21.67043804293547,-0.4937871483605343,Day_4,Experiment_3,IR,Fair,0,Og. Pol
Unpolarized_B_Red,C8,1350,1850,27.0,37.0,8.5265128291212e-17,22.61905730452604,-0.3789181377938596,Day_4,Experiment_3,IR,Fair,0,Og. Pol
Unpolarized_B_Red,C8,1400,1900,28.0,38.0,-6.821210263296962e-16,22.734760637468725,-0.4915160422461385,Day_4,Experiment_3,IR,Fair,0,Og. Pol
Unpolarized_B_Red,C8,1450,1950,29.0,39.0,3.6948222259525213e-16,22.01697826300989,-0.5052890800503521,Day_4,Experiment_3,IR,Fair,0,Og. Pol
Unpolarized_B_Red,C8,1500,2000,30.0,40.0,2.984279490192421e-16,20.83980568972758,-0.5254318438037184,Day_4,Experiment_3,IR,Fair,0,Og. Pol
Unpolarized_B_IR,C10,0,500,0.0,10.0,-1.1368683772161603e-16,36.160601856584286,-0.5027494465898579,Day_4,Experiment_3,IR,Fair,0,Og. Pol
Unpolarized_B_IR,C10,50,550,1.0,11.0,-2.842170943040401e-17,35.56131841356595,-0.6171221520223301,Day_4,Experiment_3,IR,Fair,0,Og. Pol
Unpolarized_B_IR,C10,100,600,2.0,12.0,1.1368683772161603e-16,35.50975851768017,-0.6167009458109096,Day_4,Experiment_3,IR,Fair,0,Og. Pol
Unpolarized_B_IR,C10,150,650,3.0,13.0,-5.684341886080808e-16,31.506235140252365,-0.3610372561100945,Day_4,Experiment_3,IR,Fair,0,Og. Pol
Unpolarized_B_IR,C10,200,700,4.0,14.0,1.70530256582424e-16,31.730426047970894,-0.3660103463821498,Day_4,Experiment_3,IR,Fair,0,Og. Pol
Unpolarized_B_IR,C10,250,750,5.0,15.0,-1.0231815394945442e-15,31.954515548405062,-0.2674439530385151,Day_4,Experiment_3,IR,Fair,0,Og. Pol
Unpolarized_B_IR,C10,300,800,6.0,16.0,1.70530256582424e-16,31.148355948427035,-0.363426770336346,Day_4,Experiment_3,IR,Fair,0,Og. Pol
Unpolarized_B_IR,C10,350,850,7.0,17.0,-9.663381206337365e-16,31.318393783094734,-0.3512489993340045,Day_4,Experiment_3,IR,Fair,0,Og. Pol
Unpolarized_B_IR,C10,400,900,8.0,18.0,5.115907697472721e-16,31.002519261906308,-0.3762952604669538,Day_4,Experiment_3,IR,Fair,0,Og. Pol
Unpolarized_B_IR,C10,450,950,9.0,19.0,-3.979039320256561e-16,31.4254528813466,-0.3079155480369975,Day_4,Experiment_3,IR,Fair,0,Og. Pol
Unpolarized_B_IR,C10,500,1000,10.0,20.0,3.410605131648481e-16,31.203180034704797,-0.3658664161609858,Day_4,Experiment_3,IR,Fair,0,Og. Pol
Unpolarized_B_IR,C10,550,1050,11.0,21.0,-1.1368683772161603e-16,30.58961514126147,-0.3779910737202026,Day_4,Experiment_3,IR,Fair,0,Og. Pol
Unpolarized_B_IR,C10,600,1100,12.0,22.0,5.684341886080808e-16,32.488298229519586,-0.2122918369671937,Day_4,Experiment_3,IR,Fair,0,Og. Pol
Unpolarized_B_IR,C10,650,1150,13.0,23.0,4.689582056016661e-16,31.0820165974586,-0.3670137326862381,Day_4,Experiment_3,IR,Fair,0,Og. Pol
Unpolarized_B_IR,C10,700,1200,14.0,24.0,4.547473508864641e-16,31.88957613745498,-0.2149999041190521,Day_4,Experiment_3,IR,Fair,0,Og. Pol
Unpolarized_B_IR,C10,750,1250,15.0,25.0,1.7053025658242404e-15,31.497077832209182,-0.3553318256637941,Day_4,Experiment_3,IR,Fair,0,Og. Pol
Unpolarized_B_IR,C10,800,1300,16.0,26.0,2.842170943040401e-17,31.407829483897416,-0.3407915074867334,Day_4,Experiment_3,IR,Fair,0,Og. Pol
Unpolarized_B_IR,C10,850,1350,17.0,27.0,3.410605131648481e-16,30.81332923969601,-0.3341328822312804,Day_4,Experiment_3,IR,Fair,0,Og. Pol
Unpolarized_B_IR,C10,900,1400,18.0,28.0,-5.684341886080802e-17,32.49030303035618,-0.3801971434192562,Day_4,Experiment_3,IR,Fair,0,Og. Pol
Unpolarized_B_IR,C10,950,1450,19.0,29.0,9.663381206337365e-16,33.487893538674534,-0.3133259379963616,Day_4,Experiment_3,IR,Fair,0,Og. Pol
Unpolarized_B_IR,C10,1000,1500,20.0,30.0,-6.821210263296962e-16,32.58453606555917,-0.2808876735673176,Day_4,Experiment_3,IR,Fair,0,Og. Pol
Unpolarized_B_IR,C10,1050,1550,21.0,31.0,1.1368683772161603e-16,32.69488060451314,-0.2628951839924743,Day_4,Experiment_3,IR,Fair,0,Og. Pol
Unpolarized_B_IR,C10,1100,1600,22.0,32.0,-1.6484591469634325e-15,33.647754376709855,-0.2172555147933591,Day_4,Experiment_3,IR,Fair,0,Og. Pol
Unpolarized_B_IR,C10,1150,1650,23.0,33.0,-5.684341886080802e-17,33.08014864937039,-0.2465948165658981,Day_4,Experiment_3,IR,Fair,0,Og. Pol
Unpolarized_B_IR,C10,1200,1700,24.0,34.0,-2.2737367544323206e-16,34.13392861774431,-0.1738769694503021,Day_4,Experiment_3,IR,Fair,0,Og. Pol
Unpolarized_B_IR,C10,1250,1750,25.0,35.0,-1.8474111129762604e-16,32.684133061913805,-0.2762662218198525,Day_4,Experiment_3,IR,Fair,0,Og. Pol
Unpolarized_B_IR,C10,1300,1800,26.0,36.0,-1.1368683772161603e-16,33.28799819636361,-0.2644083184446102,Day_4,Experiment_3,IR,Fair,0,Og. Pol
Unpolarized_B_IR,C10,1350,1850,27.0,37.0,4.547473508864641e-16,33.63424878817157,-0.2096860273790159,Day_4,Experiment_3,IR,Fair,0,Og. Pol
Unpolarized_B_IR,C10,1400,1900,28.0,38.0,-9.663381206337365e-16,30.820172805776807,-0.3049571452230727,Day_4,Experiment_3,IR,Fair,0,Og. Pol
Unpolarized_B_IR,C10,1450,1950,29.0,39.0,1.1368683772161605e-15,32.38750275020099,-0.1205291677544874,Day_4,Experiment_3,IR,Fair,0,Og. Pol
Unpolarized_B_IR,C10,1500,2000,30.0,40.0,-3.410605131648481e-16,31.19706183217687,-0.3376333875137994,Day_4,Experiment_3,IR,Fair,0,Og. Pol
Co-Polarized_Green,C13,0,500,0.0,10.0,4.547473508864641e-16,221.04524216747637,5.074520929290037,Day_4,Experiment_3,IR,Fair,0,Og. Pol
Co-Polarized_Green,C13,50,550,1.0,11.0,5.684341886080807e-16,220.95036076733365,5.053649325180843,Day_4,Experiment_3,IR,Fair,0,Og. Pol
Co-Polarized_Green,C13,100,600,2.0,12.0,2.614797267597169e-15,221.0321854770687,5.097727352482185,Day_4,Experiment_3,IR,Fair,0,Og. Pol
Co-Polarized_Green,C13,150,650,3.0,13.0,8.526512829121202e-16,220.97898385835745,5.0475150091004135,Day_4,Experiment_3,IR,Fair,0,Og. Pol
Co-Polarized_Green,C13,200,700,4.0,14.0,2.4442670110147444e-15,220.94896620301336,5.166379065469544,Day_4,Experiment_3,IR,Fair,0,Og. Pol
Co-Polarized_Green,C13,250,750,5.0,15.0,-1.1823431123048068e-14,225.7707720772673,5.5939390003776355,Day_4,Experiment_3,IR,Fair,0,Og. Pol
Co-Polarized_Green,C13,300,800,6.0,16.0,4.405364961712621e-16,24.61416158506312,0.0372469119658145,Day_4,Experiment_3,IR,Fair,0,Og. Pol
Co-Polarized_Green,C13,350,850,7.0,17.0,-9.094947017729285e-16,26.356600911725124,-0.1250172370047886,Day_4,Experiment_3,IR,Fair,0,Og. Pol
Co-Polarized_Green,C13,400,900,8.0,18.0,7.105427357601002e-17,26.116910866869254,-0.0971818285269953,Day_4,Experiment_3,IR,Fair,0,Og. Pol
Co-Polarized_Green,C13,450,950,9.0,19.0,-4.547473508864641e-16,27.78117723744918,-0.1046827115284416,Day_4,Experiment_3,IR,Fair,0,Og. Pol
Co-Polarized_Green,C13,500,1000,10.0,20.0,4.831690603168687e-16,26.12041158115621,-0.0565312946642325,Day_4,Experiment_3,IR,Fair,0,Og. Pol
Co-Polarized_Green,C13,550,1050,11.0,21.0,-3.410605131648481e-16,26.78318189907657,-0.0141239713503712,Day_4,Experiment_3,IR,Fair,0,Og. Pol
Co-Polarized_Green,C13,600,1100,12.0,22.0,2.842170943040401e-17,27.390016977512357,-0.1536545612634958,Day_4,Experiment_3,IR,Fair,0,Og. Pol
Co-Polarized_Green,C13,650,1150,13.0,23.0,-1.70530256582424e-16,27.23025562733805,-0.2182390806312618,Day_4,Experiment_3,IR,Fair,0,Og. Pol
Co-Polarized_Green,C13,700,1200,14.0,24.0,-7.958078640513122e-16,26.39447882794534,-0.1543434695830346,Day_4,Experiment_3,IR,Fair,0,Og. Pol
Co-Polarized_Green,C13,750,1250,15.0,25.0,0.0,26.951684023647932,-0.0939276559327367,Day_4,Experiment_3,IR,Fair,0,Og. Pol
Co-Polarized_Green,C13,800,1300,16.0,26.0,-2.2737367544323206e-16,27.562487829202254,0.0631482272399824,Day_4,Experiment_3,IR,Fair,0,Og. Pol
Co-Polarized_Green,C13,850,1350,17.0,27.0,-1.1368683772161603e-16,26.97924756191949,-0.1410364621038364,Day_4,Experiment_3,IR,Fair,0,Og. Pol
Co-Polarized_Green,C13,900,1400,18.0,28.0,6.252776074688881e-16,26.70639277643372,-0.1345438436592934,Day_4,Experiment_3,IR,Fair,0,Og. Pol
Co-Polarized_Green,C13,950,1450,19.0,29.0,1.1368683772161603e-16,26.34058507947389,-0.1384062444566333,Day_4,Experiment_3,IR,Fair,0,Og. Pol
Co-Polarized_Green,C13,1000,1500,20.0,30.0,-5.684341886080807e-16,25.860597865586215,-0.1851828691487778,Day_4,Experiment_3,IR,Fair,0,Og. Pol
Co-Polarized_Green,C13,1050,1550,21.0,31.0,-5.684341886080802e-17,140.4768674380245,-0.7626123522093118,Day_4,Experiment_3,IR,Fair,0,Og. Pol
Co-Polarized_Green,C13,1100,1600,22.0,32.0,7.958078640513122e-16,140.69255138653128,0.2780439679758339,Day_4,Experiment_3,IR,Fair,0,Og. Pol
Co-Polarized_Green,C13,1150,1650,23.0,33.0,-6.821210263296962e-16,140.99091009678165,0.2922747234980994,Day_4,Experiment_3,IR,Fair,0,Og. Pol
Co-Polarized_Green,C13,1200,1700,24.0,34.0,-1.7621459846850484e-15,140.73472015861347,0.2690239308446718,Day_4,Experiment_3,IR,Fair,0,Og. Pol
Co-Polarized_Green,C13,1250,1750,25.0,35.0,-2.2737367544323206e-16,140.71415458761803,0.2856565565512973,Day_4,Experiment_3,IR,Fair,0,Og. Pol
Co-Polarized_Green,C13,1300,1800,26.0,36.0,-1.4779288903810085e-15,140.76133385971912,0.2558146175189957,Day_4,Experiment_3,IR,Fair,0,Og. Pol
Co-Polarized_Green,C13,1350,1850,27.0,37.0,2.2737367544323206e-16,140.6735684280647,0.2870591309172788,Day_4,Experiment_3,IR,Fair,0,Og. Pol
Co-Polarized_Green,C13,1400,1900,28.0,38.0,1.7337242752546444e-15,140.68400954889978,0.2977046241037769,Day_4,Experiment_3,IR,Fair,0,Og. Pol
Co-Polarized_Green,C13,1450,1950,29.0,39.0,7.389644451905047e-16,140.92479374875404,0.284186248540851,Day_4,Experiment_3,IR,Fair,0,Og. Pol
Co-Polarized_Green,C13,1500,2000,30.0,40.0,1.2391865311656147e-14,139.1148512339585,-0.1533889127665307,Day_4,Experiment_3,IR,Fair,0,Og. Pol
Co-Polarized_Red,C12,0,500,0.0,10.0,9.094947017729285e-16,243.9806886175595,2.75529689887927,Day_4,Experiment_3,IR,Fair,0,Og. Pol
Co-Polarized_Red,C12,50,550,1.0,11.0,-1.3642420526593924e-15,243.8358850543108,2.753183366998214,Day_4,Experiment_3,IR,Fair,0,Og. Pol
Co-Polarized_Red,C12,100,600,2.0,12.0,4.263256414560601e-16,243.96435783371092,2.775882877801298,Day_4,Experiment_3,IR,Fair,0,Og. Pol
Co-Polarized_Red,C12,150,650,3.0,13.0,-7.389644451905046e-16,243.92576084730644,2.7472295216412994,Day_4,Experiment_3,IR,Fair,0,Og. Pol
Co-Polarized_Red,C12,200,700,4.0,14.0,-1.3642420526593924e-15,244.17581279397496,2.7723050603503063,Day_4,Experiment_3,IR,Fair,0,Og. Pol
Co-Polarized_Red,C12,250,750,5.0,15.0,-3.183231456205249e-15,244.10335581615885,2.6760487624729277,Day_4,Experiment_3,IR,Fair,0,Og. Pol
Co-Polarized_Red,C12,300,800,6.0,16.0,-2.0463630789890884e-15,245.65497143265665,3.362932145219801,Day_4,Experiment_3,IR,Fair,0,Og. Pol
Co-Polarized_Red,C12,350,850,7.0,17.0,-1.8189894035458565e-15,36.50120240912453,-0.0130597488609303,Day_4,Experiment_3,IR,Fair,0,Og. Pol
Co-Polarized_Red,C12,400,900,8.0,18.0,9.947598300641404e-17,34.27624792125652,-0.189852636113426,Day_4,Experiment_3,IR,Fair,0,Og. Pol
Co-Polarized_Red,C12,450,950,9.0,19.0,-9.094947017729285e-16,34.410780427756144,-0.2154697174309486,Day_4,Experiment_3,IR,Fair,0,Og. Pol
Co-Polarized_Red,C12,500,1000,10.0,20.0,-4.547473508864641e-16,36.56903694103608,-0.0172839337559543,Day_4,Experiment_3,IR,Fair,0,Og. Pol
Co-Polarized_Red,C12,550,1050,11.0,21.0,-1.3642420526593924e-15,35.526239732335675,-0.1423742583243442,Day_4,Experiment_3,IR,Fair,0,Og. Pol
Co-Polarized_Red,C12,600,1100,12.0,22.0,-3.410605131648481e-16,36.50299671216557,-0.2508302425220448,Day_4,Experiment_3,IR,Fair,0,Og. Pol
Co-Polarized_Red,C12,650,1150,13.0,23.0,6.821210263296962e-16,35.47985968060829,-0.2674476436508388,Day_4,Experiment_3,IR,Fair,0,Og. Pol
Co-Polarized_Red,C12,700,1200,14.0,24.0,3.410605131648481e-16,37.31562264491288,-0.2050384254553072,Day_4,Experiment_3,IR,Fair,0,Og. Pol
Co-Polarized_Red,C12,750,1250,15.0,25.0,9.094947017729285e-16,36.84177379568553,-0.18662975689998,Day_4,Experiment_3,IR,Fair,0,Og. Pol
Co-Polarized_Red,C12,800,1300,16.0,26.0,5.115907697472721e-16,37.46186732374361,-0.3676164386052843,Day_4,Experiment_3,IR,Fair,0,Og. Pol
Co-Polarized_Red,C12,850,1350,17.0,27.0,-1.70530256582424e-16,37.92291471478284,-0.3373244622474282,Day_4,Experiment_3,IR,Fair,0,Og. Pol
Co-Polarized_Red,C12,900,1400,18.0,28.0,-3.979039320256561e-16,36.68751289906984,-0.269113254512928,Day_4,Experiment_3,IR,Fair,0,Og. Pol
Co-Polarized_Red,C12,950,1450,19.0,29.0,-7.389644451905046e-16,38.79418513282335,-0.243328010296008,Day_4,Experiment_3,IR,Fair,0,Og. Pol
Co-Polarized_Red,C12,1000,1500,20.0,30.0,-1.1937117960769684e-15,38.06522913998734,-0.2528386285001183,Day_4,Experiment_3,IR,Fair,0,Og. Pol
Co-Polarized_Red,C12,1050,1550,21.0,31.0,1.3642420526593924e-15,94.14003743848632,2.7320107132299314,Day_4,Experiment_3,IR,Fair,0,Og. Pol
Co-Polarized_Red,C12,1100,1600,22.0,32.0,1.0231815394945442e-15,197.06294041499336,3.2408430653316156,Day_4,Experiment_3,IR,Fair,0,Og. Pol
Co-Polarized_Red,C12,1150,1650,23.0,33.0,5.684341886080806e-16,196.84639505180704,3.174846949475179,Day_4,Experiment_3,IR,Fair,0,Og. Pol
Co-Polarized_Red,C12,1200,1700,24.0,34.0,-9.094947017729285e-16,197.0793136670874,3.181891450692278,Day_4,Experiment_3,IR,Fair,0,Og. Pol
Co-Polarized_Red,C12,1250,1750,25.0,35.0,-1.1368683772161605e-15,196.89011361145975,3.180239742260732,Day_4,Experiment_3,IR,Fair,0,Og. Pol
Co-Polarized_Red,C12,1300,1800,26.0,36.0,1.3642420526593924e-15,196.6601565763672,3.1814636517999557,Day_4,Experiment_3,IR,Fair,0,Og. Pol
Co-Polarized_Red,C12,1350,1850,27.0,37.0,5.684341886080806e-16,196.66998319155104,3.1940105239976653,Day_4,Experiment_3,IR,Fair,0,Og. Pol
Co-Polarized_Red,C12,1400,1900,28.0,38.0,6.252776074688881e-16,196.65166839077227,3.181519405256763,Day_4,Experiment_3,IR,Fair,0,Og. Pol
Co-Polarized_Red,C12,1450,1950,29.0,39.0,5.684341886080806e-16,196.76471781155016,3.193999852363533,Day_4,Experiment_3,IR,Fair,0,Og. Pol
Co-Polarized_Red,C12,1500,2000,30.0,40.0,-1.3073986337985845e-15,196.452316738909,3.190140522375291,Day_4,Experiment_3,IR,Fair,0,Og. Pol
Co-Polarized_IR,C15,0,500,0.0,10.0,2.2737367544323206e-16,353.3578246088005,0.336018838781718,Day_4,Experiment_3,IR,Fair,0,Og. Pol
Co-Polarized_IR,C15,50,550,1.0,11.0,-5.002220859751105e-15,347.31152746393826,0.2671768010593563,Day_4,Experiment_3,IR,Fair,0,Og. Pol
Co-Polarized_IR,C15,100,600,2.0,12.0,0.0,349.97436112849203,0.4388017436737046,Day_4,Experiment_3,IR,Fair,0,Og. Pol
Co-Polarized_IR,C15,150,650,3.0,13.0,-7.275957614183426e-15,348.2293995690756,0.4243857039933953,Day_4,Experiment_3,IR,Fair,0,Og. Pol
Co-Polarized_IR,C15,200,700,4.0,14.0,-4.547473508864641e-16,270.9499297364251,-0.5253261851701762,Day_4,Experiment_3,IR,Fair,0,Og. Pol
Co-Polarized_IR,C15,250,750,5.0,15.0,-5.4569682106375695e-15,261.8716557611639,-0.3351017401919482,Day_4,Experiment_3,IR,Fair,0,Og. Pol
Co-Polarized_IR,C15,300,800,6.0,16.0,5.4569682106375695e-15,259.5470435247446,-0.3873593930348191,Day_4,Experiment_3,IR,Fair,0,Og. Pol
Co-Polarized_IR,C15,350,850,7.0,17.0,-1.8189894035458565e-15,262.692985939408,-0.3453572680535919,Day_4,Experiment_3,IR,Fair,0,Og. Pol
Co-Polarized_IR,C15,400,900,8.0,18.0,4.092726157978177e-15,257.2737048196137,-0.3927065244939997,Day_4,Experiment_3,IR,Fair,0,Og. Pol
Co-Polarized_IR,C15,450,950,9.0,19.0,-6.366462912410498e-15,257.7907502526799,-0.3705278023654582,Day_4,Experiment_3,IR,Fair,0,Og. Pol
Co-Polarized_IR,C15,500,1000,10.0,20.0,3.637978807091713e-15,261.3715387730807,-0.3178531288757997,Day_4,Experiment_3,IR,Fair,0,Og. Pol
Co-Polarized_IR,C15,550,1050,11.0,21.0,-1.8189894035458565e-15,255.99858225961376,-0.3507526503350229,Day_4,Experiment_3,IR,Fair,0,Og. Pol
Co-Polarized_IR,C15,600,1100,12.0,22.0,5.002220859751105e-15,266.4215541269494,-0.2903136050355865,Day_4,Experiment_3,IR,Fair,0,Og. Pol
Co-Polarized_IR,C15,650,1150,13.0,23.0,6.8212102632969615e-15,261.0528072286529,-0.3550594663049373,Day_4,Experiment_3,IR,Fair,0,Og. Pol
Co-Polarized_IR,C15,700,1200,14.0,24.0,2.955857780762017e-15,266.0499610218062,-0.2931731671452861,Day_4,Experiment_3,IR,Fair,0,Og. Pol
Co-Polarized_IR,C15,750,1250,15.0,25.0,-9.094947017729285e-16,262.3925653440806,-0.3601233795640114,Day_4,Experiment_3,IR,Fair,0,Og. Pol
Co-Polarized_IR,C15,800,1300,16.0,26.0,1.1368683772161605e-15,259.5035590121922,-0.3671114634001181,Day_4,Experiment_3,IR,Fair,0,Og. Pol
Co-Polarized_IR,C15,850,1350,17.0,27.0,3.637978807091713e-15,263.8392935539227,-0.3551324995247331,Day_4,Experiment_3,IR,Fair,0,Og. Pol
Co-Polarized_IR,C15,900,1400,18.0,28.0,-2.2737367544323206e-16,257.9986871892313,-0.3857079887184249,Day_4,Experiment_3,IR,Fair,0,Og. Pol
Co-Polarized_IR,C15,950,1450,19.0,29.0,4.547473508864641e-15,331.35863209482454,0.4647084541498079,Day_4,Experiment_3,IR,Fair,0,Og. Pol
Co-Polarized_IR,C15,1000,1500,20.0,30.0,8.640199666842818e-15,308.62145999563955,0.528743955911346,Day_4,Experiment_3,IR,Fair,0,Og. Pol
Co-Polarized_IR,C15,1050,1550,21.0,31.0,6.366462912410498e-15,312.2122426517321,0.4305480570537354,Day_4,Experiment_3,IR,Fair,0,Og. Pol
Co-Polarized_IR,C15,1100,1600,22.0,32.0,-1.0004441719502212e-14,311.1743235710762,0.4713751313306172,Day_4,Experiment_3,IR,Fair,0,Og. Pol
Co-Polarized_IR,C15,1150,1650,23.0,33.0,5.4569682106375695e-15,309.00370923379137,0.4711200388741632,Day_4,Experiment_3,IR,Fair,0,Og. Pol
Co-Polarized_IR,C15,1200,1700,24.0,34.0,-4.547473508864641e-15,311.31222618232266,0.4216054917242391,Day_4,Experiment_3,IR,Fair,0,Og. Pol
Co-Polarized_IR,C15,1250,1750,25.0,35.0,2.7284841053187848e-15,306.8518069578029,0.4735349371961508,Day_4,Experiment_3,IR,Fair,0,Og. Pol
Co-Polarized_IR,C15,1300,1800,26.0,36.0,-1.2732925824820996e-14,309.5654554483718,0.4091645685236424,Day_4,Experiment_3,IR,Fair,0,Og. Pol
Co-Polarized_IR,C15,1350,1850,27.0,37.0,-1.5916157281026244e-15,310.55089981221715,0.4804927313750697,Day_4,Experiment_3,IR,Fair,0,Og. Pol
Co-Polarized_IR,C15,1400,1900,28.0,38.0,6.821210263296962e-16,307.8794407632014,0.2263726304665951,Day_4,Experiment_3,IR,Fair,0,Og. Pol
Co-Polarized_IR,C15,1450,1950,29.0,39.0,4.547473508864641e-15,266.3428971888955,-0.3141610575109153,Day_4,Experiment_3,IR,Fair,0,Og. Pol
Co-Polarized_IR,C15,1500,2000,30.0,40.0,-3.9790393202565614e-15,260.6929988827869,-0.4115798162640517,Day_4,Experiment_3,IR,Fair,0,Og. Pol
Cross-Polarized_Green,C19,0,500,0.0,10.0,5.684341886080802e-15,189.78815022338813,-0.3036146768518247,Day_4,Experiment_3,IR,Fair,0,Og. Pol
Cross-Polarized_Green,C19,50,550,1.0,11.0,-2.7284841053187848e-15,192.51950217332407,-0.318038922939166,Day_4,Experiment_3,IR,Fair,0,Og. Pol
Cross-Polarized_Green,C19,100,600,2.0,12.0,2.273736754432321e-15,191.49993524488968,-0.3046660254074619,Day_4,Experiment_3,IR,Fair,0,Og. Pol
Cross-Polarized_Green,C19,150,650,3.0,13.0,3.637978807091713e-15,191.41591728340097,-0.3653814708568889,Day_4,Experiment_3,IR,Fair,0,Og. Pol
Cross-Polarized_Green,C19,200,700,4.0,14.0,1.8189894035458565e-15,192.59914875661903,-0.2991481373222355,Day_4,Experiment_3,IR,Fair,0,Og. Pol
Cross-Polarized_Green,C19,250,750,5.0,15.0,3.637978807091713e-15,197.72169624767636,-0.2377020327015389,Day_4,Experiment_3,IR,Fair,0,Og. Pol
Cross-Polarized_Green,C19,300,800,6.0,16.0,6.366462912410498e-15,182.32977377870807,-0.3427111681902722,Day_4,Experiment_3,IR,Fair,0,Og. Pol
Cross-Polarized_Green,C19,350,850,7.0,17.0,0.0,185.12853108575936,-0.4269164168390655,Day_4,Experiment_3,IR,Fair,0,Og. Pol
Cross-Polarized_Green,C19,400,900,8.0,18.0,2.7284841053187848e-15,184.32902829842928,-0.4613785165400497,Day_4,Experiment_3,IR,Fair,0,Og. Pol
Cross-Polarized_Green,C19,450,950,9.0,19.0,-4.092726157978177e-15,184.28051686860937,-0.4818404150861529,Day_4,Experiment_3,IR,Fair,0,Og. Pol
Cross-Polarized_Green,C19,500,1000,10.0,20.0,7.73070496506989e-15,188.17507467900128,-0.393784607336899,Day_4,Experiment_3,IR,Fair,0,Og. Pol
Cross-Polarized_Green,C19,550,1050,11.0,21.0,5.684341886080804e-16,180.9164570840664,-0.3800229562032561,Day_4,Experiment_3,IR,Fair,0,Og. Pol
Cross-Polarized_Green,C19,600,1100,12.0,22.0,-9.094947017729285e-16,184.51513126474293,-0.3546073830268711,Day_4,Experiment_3,IR,Fair,0,Og. Pol
Cross-Polarized_Green,C19,650,1150,13.0,23.0,2.0463630789890884e-15,181.5837709675725,-0.4087794545004074,Day_4,Experiment_3,IR,Fair,0,Og. Pol
Cross-Polarized_Green,C19,700,1200,14.0,24.0,-1.3642420526593924e-15,180.23246712075857,-0.3890217827911815,Day_4,Experiment_3,IR,Fair,0,Og. Pol
Cross-Polarized_Green,C19,750,1250,15.0,25.0,-3.183231456205249e-15,176.04271112790966,-0.3172673798617901,Day_4,Experiment_3,IR,Fair,0,Og. Pol
Cross-Polarized_Green,C19,800,1300,16.0,26.0,2.0463630789890884e-15,171.70991398504725,-0.2773890245985952,Day_4,Experiment_3,IR,Fair,0,Og. Pol
Cross-Polarized_Green,C19,850,1350,17.0,27.0,7.73070496506989e-15,174.13089387772894,-0.3049500033957082,Day_4,Experiment_3,IR,Fair,0,Og. Pol
Cross-Polarized_Green,C19,900,1400,18.0,28.0,-4.547473508864641e-15,170.17076804185277,-0.3015162227423969,Day_4,Experiment_3,IR,Fair,0,Og. Pol
Cross-Polarized_Green,C19,950,1450,19.0,29.0,3.637978807091713e-15,173.99579358289435,-0.3049494932533702,Day_4,Experiment_3,IR,Fair,0,Og. Pol
Cross-Polarized_Green,C19,1000,1500,20.0,30.0,-1.8189894035458565e-15,177.30254285571567,-0.3601462732468649,Day_4,Experiment_3,IR,Fair,0,Og. Pol
Cross-Polarized_Green,C19,1050,1550,21.0,31.0,-2.2737367544323206e-16,185.06646285711452,-0.441919332303186,Day_4,Experiment_3,IR,Fair,0,Og. Pol
Cross-Polarized_Green,C19,1100,1600,22.0,32.0,-7.73070496506989e-15,191.515332299598,-0.3944174702991799,Day_4,Experiment_3,IR,Fair,0,Og. Pol
Cross-Polarized_Green,C19,1150,1650,23.0,33.0,-4.547473508864641e-16,190.53032855341664,-0.4892596475664315,Day_4,Experiment_3,IR,Fair,0,Og. Pol
Cross-Polarized_Green,C19,1200,1700,24.0,34.0,3.183231456205249e-15,201.80342488674592,-0.5901592209724614,Day_4,Experiment_3,IR,Fair,0,Og. Pol
Cross-Polarized_Green,C19,1250,1750,25.0,35.0,1.1368683772161603e-16,206.6707351409071,-0.6224626959231142,Day_4,Experiment_3,IR,Fair,0,Og. Pol
Cross-Polarized_Green,C19,1300,1800,26.0,36.0,-2.7284841053187848e-15,211.40000767902544,-0.5791505347596864,Day_4,Experiment_3,IR,Fair,0,Og. Pol
Cross-Polarized_Green,C19,1350,1850,27.0,37.0,3.183231456205249e-15,216.99913789370288,-0.5639787215896724,Day_4,Experiment_3,IR,Fair,0,Og. Pol
Cross-Polarized_Green,C19,1400,1900,28.0,38.0,-2.955857780762017e-15,217.35103319257587,-0.5423031420232614,Day_4,Experiment_3,IR,Fair,0,Og. Pol
Cross-Polarized_Green,C19,1450,1950,29.0,39.0,6.707523425575346e-15,226.60396729769803,-0.4423694199470098,Day_4,Experiment_3,IR,Fair,0,Og. Pol
Cross-Polarized_Green,C19,1500,2000,30.0,40.0,-4.092726157978177e-15,223.4430663752213,-0.5085795075686107,Day_4,Experiment_3,IR,Fair,0,Og. Pol
Cross-Polarized_Red,C18,0,500,0.0,10.0,-1.3642420526593923e-14,382.9695531111571,-0.3536436305753669,Day_4,Experiment_3,IR,Fair,0,Og. Pol
Cross-Polarized_Red,C18,50,550,1.0,11.0,-1.0004441719502212e-14,378.0866966060224,-0.3633638987863691,Day_4,Experiment_3,IR,Fair,0,Og. Pol
Cross-Polarized_Red,C18,100,600,2.0,12.0,1.0913936421275139e-14,381.7167913494948,-0.3493023270298986,Day_4,Experiment_3,IR,Fair,0,Og. Pol
Cross-Polarized_Red,C18,150,650,3.0,13.0,9.094947017729285e-16,380.9160327301043,-0.3728016578453371,Day_4,Experiment_3,IR,Fair,0,Og. Pol
Cross-Polarized_Red,C18,200,700,4.0,14.0,9.094947017729285e-16,380.77628074272366,-0.3419938370443646,Day_4,Experiment_3,IR,Fair,0,Og. Pol
Cross-Polarized_Red,C18,250,750,5.0,15.0,-1.4551915228366852e-14,385.4919050540745,-0.3901141869509531,Day_4,Experiment_3,IR,Fair,0,Og. Pol
Cross-Polarized_Red,C18,300,800,6.0,16.0,9.094947017729284e-15,385.8983871961872,-0.336215075551255,Day_4,Experiment_3,IR,Fair,0,Og. Pol
Cross-Polarized_Red,C18,350,850,7.0,17.0,-4.547473508864641e-15,369.31733042513537,-0.2714891401685996,Day_4,Experiment_3,IR,Fair,0,Og. Pol
Cross-Polarized_Red,C18,400,900,8.0,18.0,8.185452315956354e-15,363.8415535122069,-0.2890296295333595,Day_4,Experiment_3,IR,Fair,0,Og. Pol
Cross-Polarized_Red,C18,450,950,9.0,19.0,-7.73070496506989e-15,363.6290128537355,-0.3139850810098261,Day_4,Experiment_3,IR,Fair,0,Og. Pol
Cross-Polarized_Red,C18,500,1000,10.0,20.0,3.637978807091713e-15,370.3981965023257,-0.2014205324552215,Day_4,Experiment_3,IR,Fair,0,Og. Pol
Cross-Polarized_Red,C18,550,1050,11.0,21.0,7.503331289626658e-15,362.7095591006776,-0.2596942018072762,Day_4,Experiment_3,IR,Fair,0,Og. Pol
Cross-Polarized_Red,C18,600,1100,12.0,22.0,-2.0463630789890884e-15,374.1856457266011,-0.1857953549108895,Day_4,Experiment_3,IR,Fair,0,Og. Pol
Cross-Polarized_Red,C18,650,1150,13.0,23.0,-9.094947017729285e-16,366.862327446082,-0.2717179642837981,Day_4,Experiment_3,IR,Fair,0,Og. Pol
Cross-Polarized_Red,C18,700,1200,14.0,24.0,0.0,368.5698775520853,-0.2476902802165572,Day_4,Experiment_3,IR,Fair,0,Og. Pol
Cross-Polarized_Red,C18,750,1250,15.0,25.0,3.637978807091713e-15,367.1199508356037,-0.2720343724801379,Day_4,Experiment_3,IR,Fair,0,Og. Pol
Cross-Polarized_Red,C18,800,1300,16.0,26.0,-7.73070496506989e-15,367.1046758643728,-0.3629043790812443,Day_4,Experiment_3,IR,Fair,0,Og. Pol
Cross-Polarized_Red,C18,850,1350,17.0,27.0,-2.7284841053187848e-15,383.36949113411544,-0.39520398947392,Day_4,Experiment_3,IR,Fair,0,Og. Pol
Cross-Polarized_Red,C18,900,1400,18.0,28.0,4.547473508864641e-16,372.8215244267421,-0.3915042771051673,Day_4,Experiment_3,IR,Fair,0,Og. Pol
Cross-Polarized_Red,C18,950,1450,19.0,29.0,1.1823431123048068e-14,381.7086018292609,-0.3941895887742011,Day_4,Experiment_3,IR,Fair,0,Og. Pol
Cross-Polarized_Red,C18,1000,1500,20.0,30.0,-1.6370904631912707e-14,390.5254491925027,-0.4474907635656174,Day_4,Experiment_3,IR,Fair,0,Og. Pol
Cross-Polarized_Red,C18,1050,1550,21.0,31.0,9.094947017729285e-16,389.3869627982515,-0.4771226462363409,Day_4,Experiment_3,IR,Fair,0,Og. Pol
Cross-Polarized_Red,C18,1100,1600,22.0,32.0,-2.1827872842550278e-14,397.1153118516413,-0.4157364245478386,Day_4,Experiment_3,IR,Fair,0,Og. Pol
Cross-Polarized_Red,C18,1150,1650,23.0,33.0,0.0,400.1995154012005,-0.4782340089634411,Day_4,Experiment_3,IR,Fair,0,Og. Pol
Cross-Polarized_Red,C18,1200,1700,24.0,34.0,-5.4569682106375695e-15,408.0412129103143,-0.4761800607974766,Day_4,Experiment_3,IR,Fair,0,Og. Pol
Cross-Polarized_Red,C18,1250,1750,25.0,35.0,8.185452315956354e-15,411.1700464310624,-0.5175005633151244,Day_4,Experiment_3,IR,Fair,0,Og. Pol
Cross-Polarized_Red,C18,1300,1800,26.0,36.0,0.0,412.6500061900781,-0.4679913033938312,Day_4,Experiment_3,IR,Fair,0,Og. Pol
Cross-Polarized_Red,C18,1350,1850,27.0,37.0,1.0913936421275139e-14,410.6775059717194,-0.3958986925805813,Day_4,Experiment_3,IR,Fair,0,Og. Pol
Cross-Polarized_Red,C18,1400,1900,28.0,38.0,-5.911715561524033e-15,402.8509172908662,-0.3932102082683433,Day_4,Experiment_3,IR,Fair,0,Og. Pol
Cross-Polarized_Red,C18,1450,1950,29.0,39.0,1.1368683772161605e-15,407.7115506059806,-0.3417529011781528,Day_4,Experiment_3,IR,Fair,0,Og. Pol
Cross-Polarized_Red,C18,1500,2000,30.0,40.0,1.6370904631912707e-14,392.6093225560615,-0.3621077092830016,Day_4,Experiment_3,IR,Fair,0,Og. Pol
Cross-Polarized_IR,C21,0,500,0.0,10.0,3.092281986027956e-14,872.8857799020872,-0.36239884878193684,Day_4,Experiment_3,IR,Fair,0,Og. Pol
Cross-Polarized_IR,C21,50,550,1.0,11.0,-6.366462912410498e-15,848.3775525986102,-0.3970641556410819,Day_4,Experiment_3,IR,Fair,0,Og. Pol
Cross-Polarized_IR,C21,100,600,2.0,12.0,9.094947017729283e-15,858.9038612239835,-0.3418211286417326,Day_4,Experiment_3,IR,Fair,0,Og. Pol
Cross-Polarized_IR,C21,150,650,3.0,13.0,-4.001776687800884e-14,849.7903529245106,-0.3546752136382727,Day_4,Experiment_3,IR,Fair,0,Og. Pol
Cross-Polarized_IR,C21,200,700,4.0,14.0,5.4569682106375695e-15,851.0822600587251,-0.37691336904576284,Day_4,Experiment_3,IR,Fair,0,Og. Pol
Cross-Polarized_IR,C21,250,750,5.0,15.0,-4.7293724492192266e-14,853.4001806324919,-0.32575698706196254,Day_4,Experiment_3,IR,Fair,0,Og. Pol
Cross-Polarized_IR,C21,300,800,6.0,16.0,1.4551915228366852e-14,841.3004830436751,-0.37721444352387257,Day_4,Experiment_3,IR,Fair,0,Og. Pol
Cross-Polarized_IR,C21,350,850,7.0,17.0,-2.1827872842550278e-14,851.1644998765016,-0.34038849804801385,Day_4,Experiment_3,IR,Fair,0,Og. Pol
Cross-Polarized_IR,C21,400,900,8.0,18.0,-1.000444171950221e-14,834.9262363827395,-0.38451051627772326,Day_4,Experiment_3,IR,Fair,0,Og. Pol
Cross-Polarized_IR,C21,450,950,9.0,19.0,-2.1827872842550278e-14,841.1578352397892,-0.35701255151577627,Day_4,Experiment_3,IR,Fair,0,Og. Pol
Cross-Polarized_IR,C21,500,1000,10.0,20.0,8.185452315956354e-15,853.3788598840908,-0.31922144090656773,Day_4,Experiment_3,IR,Fair,0,Og. Pol
Cross-Polarized_IR,C21,550,1050,11.0,21.0,0.0,838.2237266568795,-0.355106383078706,Day_4,Experiment_3,IR,Fair,0,Og. Pol
Cross-Polarized_IR,C21,600,1100,12.0,22.0,2.1827872842550278e-14,870.5661325354945,-0.2821402397133163,Day_4,Experiment_3,IR,Fair,0,Og. Pol
Cross-Polarized_IR,C21,650,1150,13.0,23.0,0.0,853.2979747104637,-0.3633550665075884,Day_4,Experiment_3,IR,Fair,0,Og. Pol
Cross-Polarized_IR,C21,700,1200,14.0,24.0,8.185452315956354e-15,870.8851620761287,-0.2857245478621001,Day_4,Experiment_3,IR,Fair,0,Og. Pol
Cross-Polarized_IR,C21,750,1250,15.0,25.0,-1.6370904631912707e-14,860.2788049367505,-0.37278600335193024,Day_4,Experiment_3,IR,Fair,0,Og. Pol
Cross-Polarized_IR,C21,800,1300,16.0,26.0,2.7284841053187848e-15,853.8274341230206,-0.36918634841065184,Day_4,Experiment_3,IR,Fair,0,Og. Pol
Cross-Polarized_IR,C21,850,1350,17.0,27.0,7.275957614183426e-15,865.5916194322124,-0.3745659080159744,Day_4,Experiment_3,IR,Fair,0,Og. Pol
Cross-Polarized_IR,C21,900,1400,18.0,28.0,4.547473508864641e-15,844.0049564729342,-0.40169735784065175,Day_4,Experiment_3,IR,Fair,0,Og. Pol
Cross-Polarized_IR,C21,950,1450,19.0,29.0,2.9103830456733704e-14,874.1387970475944,-0.3795063670650134,Day_4,Experiment_3,IR,Fair,0,Og. Pol
Cross-Polarized_IR,C21,1000,1500,20.0,30.0,-2.546585164964199e-14,850.6890393895835,-0.38498471021086095,Day_4,Experiment_3,IR,Fair,0,Og. Pol
Cross-Polarized_IR,C21,1050,1550,21.0,31.0,2.000888343900442e-14,863.0186950782327,-0.37742209227650897,Day_4,Experiment_3,IR,Fair,0,Og. Pol
Cross-Polarized_IR,C21,1100,1600,22.0,32.0,-1.8189894035458565e-14,865.8009959072476,-0.3403188758881833,Day_4,Experiment_3,IR,Fair,0,Og. Pol
Cross-Polarized_IR,C21,1150,1650,23.0,33.0,-1.000444171950221e-14,853.8212846593668,-0.36857328438059744,Day_4,Experiment_3,IR,Fair,0,Og. Pol
Cross-Polarized_IR,C21,1200,1700,24.0,34.0,-4.18367562815547e-14,867.6053454670637,-0.31284133155490146,Day_4,Experiment_3,IR,Fair,0,Og. Pol
Cross-Polarized_IR,C21,1250,1750,25.0,35.0,1.8189894035458565e-15,844.293452233857,-0.36636087138219875,Day_4,Experiment_3,IR,Fair,0,Og. Pol
Cross-Polarized_IR,C21,1300,1800,26.0,36.0,0.0,857.546969182756,-0.3262534323689614,Day_4,Experiment_3,IR,Fair,0,Og. Pol
Cross-Polarized_IR,C21,1350,1850,27.0,37.0,6.366462912410498e-15,858.8063460722943,-0.3309093145282937,Day_4,Experiment_3,IR,Fair,0,Og. Pol
Cross-Polarized_IR,C21,1400,1900,28.0,38.0,-1.2732925824820996e-14,852.2755608475153,-0.33674071573636255,Day_4,Experiment_3,IR,Fair,0,Og. Pol
Cross-Polarized_IR,C21,1450,1950,29.0,39.0,1.8189894035458565e-15,876.7093387665166,-0.25691814446870587,Day_4,Experiment_3,IR,Fair,0,Og. Pol
Cross-Polarized_IR,C21,1500,2000,30.0,40.0,-1.5916157281026244e-15,853.4838833630636,-0.35508474321265376,Day_4,Experiment_3,IR,Fair,0,Og. Pol
